指数代码_IdxCd,交易日期_TrdDt,收盘价(元/点)_ClPr
000001,2010-01-04,3243.76
000001,2010-01-05,3282.179
000001,2010-01-06,3254.215
000001,2010-01-07,3192.776
000001,2010-01-08,3195.997
000001,2010-01-11,3212.75
000001,2010-01-12,3273.966
000001,2010-01-13,3172.658
000001,2010-01-14,3215.55
000001,2010-01-15,3224.152
000001,2010-01-18,3237.098
000001,2010-01-19,3246.874
000001,2010-01-20,3151.85
000001,2010-01-21,3158.863
000001,2010-01-22,3128.588
000001,2010-01-25,3094.411
000001,2010-01-26,3019.394
000001,2010-01-27,2986.607
000001,2010-01-28,2994.143
000001,2010-01-29,2989.292
000001,2010-02-01,2941.36
000001,2010-02-02,2934.713
000001,2010-02-03,3003.835
000001,2010-02-04,2995.308
000001,2010-02-05,2939.402
000001,2010-02-08,2935.174
000001,2010-02-09,2948.842
000001,2010-02-10,2982.5
000001,2010-02-11,2985.499
000001,2010-02-12,3018.133
000001,2010-02-22,3003.398
000001,2010-02-23,2982.575
000001,2010-02-24,3022.177
000001,2010-02-25,3060.618
000001,2010-02-26,3051.943
000001,2010-03-01,3087.842
000001,2010-03-02,3073.108
000001,2010-03-03,3097.005
000001,2010-03-04,3023.373
000001,2010-03-05,3031.065
000001,2010-03-08,3053.232
000001,2010-03-09,3069.141
000001,2010-03-10,3048.927
000001,2010-03-11,3051.282
000001,2010-03-12,3013.412
000001,2010-03-15,2976.939
000001,2010-03-16,2992.841
000001,2010-03-17,3050.479
000001,2010-03-18,3046.089
000001,2010-03-19,3067.75
000001,2010-03-22,3074.576
000001,2010-03-23,3053.125
000001,2010-03-24,3056.808
000001,2010-03-25,3019.176
000001,2010-03-26,3059.715
000001,2010-03-29,3123.798
000001,2010-03-30,3128.468
000001,2010-03-31,3109.105
000001,2010-04-01,3147.416
000001,2010-04-02,3157.957
000001,2010-04-06,3158.681
000001,2010-04-07,3148.222
000001,2010-04-08,3118.709
000001,2010-04-09,3145.347
000001,2010-04-12,3129.263
000001,2010-04-13,3161.251
000001,2010-04-14,3166.183
000001,2010-04-15,3164.966
000001,2010-04-16,3130.302
000001,2010-04-19,2980.297
000001,2010-04-20,2979.533
000001,2010-04-21,3033.278
000001,2010-04-22,2999.484
000001,2010-04-23,2983.537
000001,2010-04-26,2969.503
000001,2010-04-27,2907.928
000001,2010-04-28,2900.331
000001,2010-04-29,2868.432
000001,2010-04-30,2870.611
000001,2010-05-04,2835.277
000001,2010-05-05,2857.151
000001,2010-05-06,2739.702
000001,2010-05-07,2688.383
000001,2010-05-10,2698.757
000001,2010-05-11,2647.574
000001,2010-05-12,2655.714
000001,2010-05-13,2710.507
000001,2010-05-14,2696.629
000001,2010-05-17,2559.931
000001,2010-05-18,2594.783
000001,2010-05-19,2587.807
000001,2010-05-20,2555.94
000001,2010-05-21,2583.522
000001,2010-05-24,2673.423
000001,2010-05-25,2622.63
000001,2010-05-26,2625.793
000001,2010-05-27,2655.918
000001,2010-05-28,2655.767
000001,2010-05-31,2592.147
000001,2010-06-01,2568.283
000001,2010-06-02,2571.423
000001,2010-06-03,2552.656
000001,2010-06-04,2553.593
000001,2010-06-07,2511.729
000001,2010-06-08,2513.947
000001,2010-06-09,2583.87
000001,2010-06-10,2562.58
000001,2010-06-11,2569.942
000001,2010-06-17,2560.245
000001,2010-06-18,2513.222
000001,2010-06-21,2586.21
000001,2010-06-22,2588.698
000001,2010-06-23,2569.872
000001,2010-06-24,2566.745
000001,2010-06-25,2552.817
000001,2010-06-28,2535.278
000001,2010-06-29,2427.053
000001,2010-06-30,2398.37
000001,2010-07-01,2373.792
000001,2010-07-02,2382.901
000001,2010-07-05,2363.947
000001,2010-07-06,2409.424
000001,2010-07-07,2421.117
000001,2010-07-08,2415.15
000001,2010-07-09,2470.923
000001,2010-07-12,2490.718
000001,2010-07-13,2450.286
000001,2010-07-14,2470.44
000001,2010-07-15,2424.304
000001,2010-07-16,2424.271
000001,2010-07-19,2475.421
000001,2010-07-20,2528.73
000001,2010-07-21,2535.394
000001,2010-07-22,2562.406
000001,2010-07-23,2572.028
000001,2010-07-26,2588.683
000001,2010-07-27,2575.368
000001,2010-07-28,2633.663
000001,2010-07-29,2648.116
000001,2010-07-30,2637.503
000001,2010-08-02,2672.516
000001,2010-08-03,2627.002
000001,2010-08-04,2638.522
000001,2010-08-05,2620.757
000001,2010-08-06,2658.392
000001,2010-08-09,2672.533
000001,2010-08-10,2595.274
000001,2010-08-11,2607.497
000001,2010-08-12,2575.475
000001,2010-08-13,2606.7
000001,2010-08-16,2661.708
000001,2010-08-17,2671.893
000001,2010-08-18,2666.301
000001,2010-08-19,2687.979
000001,2010-08-20,2642.307
000001,2010-08-23,2639.366
000001,2010-08-24,2650.307
000001,2010-08-25,2596.58
000001,2010-08-26,2603.481
000001,2010-08-27,2610.742
000001,2010-08-30,2652.664
000001,2010-08-31,2638.798
000001,2010-09-01,2622.882
000001,2010-09-02,2655.776
000001,2010-09-03,2655.394
000001,2010-09-06,2696.25
000001,2010-09-07,2698.363
000001,2010-09-08,2695.291
000001,2010-09-09,2656.352
000001,2010-09-10,2663.209
000001,2010-09-13,2688.32
000001,2010-09-14,2688.522
000001,2010-09-15,2652.503
000001,2010-09-16,2602.465
000001,2010-09-17,2598.689
000001,2010-09-20,2588.713
000001,2010-09-21,2591.55
000001,2010-09-27,2627.967
000001,2010-09-28,2611.354
000001,2010-09-29,2610.678
000001,2010-09-30,2655.658
000001,2010-10-08,2738.744
000001,2010-10-11,2806.942
000001,2010-10-12,2841.407
000001,2010-10-13,2861.361
000001,2010-10-14,2879.636
000001,2010-10-15,2971.16
000001,2010-10-18,2955.227
000001,2010-10-19,3001.853
000001,2010-10-20,3003.951
000001,2010-10-21,2983.533
000001,2010-10-22,2975.043
000001,2010-10-25,3051.419
000001,2010-10-26,3041.543
000001,2010-10-27,2997.048
000001,2010-10-28,2992.579
000001,2010-10-29,2978.835
000001,2010-11-01,3054.021
000001,2010-11-02,3045.434
000001,2010-11-03,3030.988
000001,2010-11-04,3086.939
000001,2010-11-05,3129.497
000001,2010-11-08,3159.512
000001,2010-11-09,3135
000001,2010-11-10,3115.356
000001,2010-11-11,3147.744
000001,2010-11-12,2985.435
000001,2010-11-15,3014.413
000001,2010-11-16,2894.538
000001,2010-11-17,2838.857
000001,2010-11-18,2865.452
000001,2010-11-19,2888.566
000001,2010-11-22,2884.371
000001,2010-11-23,2828.282
000001,2010-11-24,2859.936
000001,2010-11-25,2898.261
000001,2010-11-26,2871.698
000001,2010-11-29,2866.356
000001,2010-11-30,2820.181
000001,2010-12-01,2823.449
000001,2010-12-02,2843.607
000001,2010-12-03,2842.431
000001,2010-12-06,2857.178
000001,2010-12-07,2875.861
000001,2010-12-08,2848.546
000001,2010-12-09,2810.949
000001,2010-12-10,2841.04
000001,2010-12-13,2922.954
000001,2010-12-14,2927.077
000001,2010-12-15,2911.414
000001,2010-12-16,2898.138
000001,2010-12-17,2893.74
000001,2010-12-20,2852.916
000001,2010-12-21,2904.115
000001,2010-12-22,2877.9
000001,2010-12-23,2855.22
000001,2010-12-24,2835.157
000001,2010-12-27,2781.402
000001,2010-12-28,2732.99
000001,2010-12-29,2751.527
000001,2010-12-30,2759.575
000001,2010-12-31,2808.077
000001,2011-01-04,2852.648
000001,2011-01-05,2838.593
000001,2011-01-06,2824.197
000001,2011-01-07,2838.801
000001,2011-01-10,2791.809
000001,2011-01-11,2804.047
000001,2011-01-12,2821.305
000001,2011-01-13,2827.713
000001,2011-01-14,2791.344
000001,2011-01-17,2706.66
000001,2011-01-18,2708.979
000001,2011-01-19,2758.097
000001,2011-01-20,2677.652
000001,2011-01-21,2715.294
000001,2011-01-24,2695.72
000001,2011-01-25,2677.432
000001,2011-01-26,2708.814
000001,2011-01-27,2749.15
000001,2011-01-28,2752.75
000001,2011-01-31,2790.694
000001,2011-02-01,2798.96
000001,2011-02-09,2774.065
000001,2011-02-10,2818.163
000001,2011-02-11,2827.328
000001,2011-02-14,2899.134
000001,2011-02-15,2899.237
000001,2011-02-16,2923.896
000001,2011-02-17,2926.964
000001,2011-02-18,2899.792
000001,2011-02-21,2932.246
000001,2011-02-22,2855.516
000001,2011-02-23,2862.634
000001,2011-02-24,2878.603
000001,2011-02-25,2878.565
000001,2011-02-28,2905.053
000001,2011-03-01,2918.92
000001,2011-03-02,2913.808
000001,2011-03-03,2902.978
000001,2011-03-04,2942.306
000001,2011-03-07,2996.211
000001,2011-03-08,2999.942
000001,2011-03-09,3002.154
000001,2011-03-10,2957.143
000001,2011-03-11,2933.796
000001,2011-03-14,2937.627
000001,2011-03-15,2896.256
000001,2011-03-16,2930.804
000001,2011-03-17,2897.298
000001,2011-03-18,2906.886
000001,2011-03-21,2909.137
000001,2011-03-22,2919.142
000001,2011-03-23,2948.477
000001,2011-03-24,2946.706
000001,2011-03-25,2977.814
000001,2011-03-28,2984.005
000001,2011-03-29,2958.077
000001,2011-03-30,2955.771
000001,2011-03-31,2928.111
000001,2011-04-01,2967.41
000001,2011-04-06,3001.36
000001,2011-04-07,3007.909
000001,2011-04-08,3030.021
000001,2011-04-11,3022.746
000001,2011-04-12,3021.369
000001,2011-04-13,3050.398
000001,2011-04-14,3042.635
000001,2011-04-15,3050.526
000001,2011-04-18,3057.329
000001,2011-04-19,2999.041
000001,2011-04-20,3007.037
000001,2011-04-21,3026.668
000001,2011-04-22,3010.517
000001,2011-04-25,2964.951
000001,2011-04-26,2938.981
000001,2011-04-27,2925.408
000001,2011-04-28,2887.044
000001,2011-04-29,2911.511
000001,2011-05-03,2932.188
000001,2011-05-04,2866.017
000001,2011-05-05,2872.404
000001,2011-05-06,2863.886
000001,2011-05-09,2872.46
000001,2011-05-10,2890.634
000001,2011-05-11,2883.42
000001,2011-05-12,2844.083
000001,2011-05-13,2871.031
000001,2011-05-16,2849.067
000001,2011-05-17,2852.773
000001,2011-05-18,2872.771
000001,2011-05-19,2859.574
000001,2011-05-20,2858.459
000001,2011-05-23,2774.569
000001,2011-05-24,2767.056
000001,2011-05-25,2741.741
000001,2011-05-26,2736.527
000001,2011-05-27,2709.947
000001,2011-05-30,2706.361
000001,2011-05-31,2743.472
000001,2011-06-01,2743.572
000001,2011-06-02,2705.181
000001,2011-06-03,2728.02
000001,2011-06-07,2744.3
000001,2011-06-08,2750.288
000001,2011-06-09,2703.345
000001,2011-06-10,2705.143
000001,2011-06-13,2700.379
000001,2011-06-14,2730.04
000001,2011-06-15,2705.431
000001,2011-06-16,2664.283
000001,2011-06-17,2642.818
000001,2011-06-20,2621.253
000001,2011-06-21,2646.483
000001,2011-06-22,2649.321
000001,2011-06-23,2688.249
000001,2011-06-24,2746.211
000001,2011-06-27,2758.23
000001,2011-06-28,2759.202
000001,2011-06-29,2728.483
000001,2011-06-30,2762.076
000001,2011-07-01,2759.362
000001,2011-07-04,2812.818
000001,2011-07-05,2816.355
000001,2011-07-06,2810.479
000001,2011-07-07,2794.267
000001,2011-07-08,2797.774
000001,2011-07-11,2802.692
000001,2011-07-12,2754.582
000001,2011-07-13,2795.476
000001,2011-07-14,2810.444
000001,2011-07-15,2820.169
000001,2011-07-18,2816.688
000001,2011-07-19,2796.983
000001,2011-07-20,2794.205
000001,2011-07-21,2765.894
000001,2011-07-22,2770.79
000001,2011-07-25,2688.746
000001,2011-07-26,2703.026
000001,2011-07-27,2723.492
000001,2011-07-28,2708.777
000001,2011-07-29,2701.729
000001,2011-08-01,2703.783
000001,2011-08-02,2679.259
000001,2011-08-03,2678.485
000001,2011-08-04,2684.039
000001,2011-08-05,2626.423
000001,2011-08-08,2526.816
000001,2011-08-09,2526.07
000001,2011-08-10,2549.176
000001,2011-08-11,2581.508
000001,2011-08-12,2593.173
000001,2011-08-15,2626.77
000001,2011-08-16,2608.166
000001,2011-08-17,2601.261
000001,2011-08-18,2559.472
000001,2011-08-19,2534.358
000001,2011-08-22,2515.863
000001,2011-08-23,2554.019
000001,2011-08-24,2541.091
000001,2011-08-25,2615.261
000001,2011-08-26,2612.188
000001,2011-08-29,2576.413
000001,2011-08-30,2566.595
000001,2011-08-31,2567.34
000001,2011-09-01,2556.042
000001,2011-09-02,2528.28
000001,2011-09-05,2478.739
000001,2011-09-06,2470.524
000001,2011-09-07,2516.09
000001,2011-09-08,2498.943
000001,2011-09-09,2497.753
000001,2011-09-13,2471.305
000001,2011-09-14,2484.827
000001,2011-09-15,2479.055
000001,2011-09-16,2482.343
000001,2011-09-19,2437.795
000001,2011-09-20,2447.755
000001,2011-09-21,2512.963
000001,2011-09-22,2443.057
000001,2011-09-23,2433.159
000001,2011-09-26,2393.183
000001,2011-09-27,2415.054
000001,2011-09-28,2392.062
000001,2011-09-29,2365.343
000001,2011-09-30,2359.22
000001,2011-10-10,2344.787
000001,2011-10-11,2348.516
000001,2011-10-12,2420
000001,2011-10-13,2438.79
000001,2011-10-14,2431.375
000001,2011-10-17,2440.402
000001,2011-10-18,2383.485
000001,2011-10-19,2377.512
000001,2011-10-20,2331.366
000001,2011-10-21,2317.275
000001,2011-10-24,2370.333
000001,2011-10-25,2409.672
000001,2011-10-26,2427.48
000001,2011-10-27,2435.614
000001,2011-10-28,2473.41
000001,2011-10-31,2468.25
000001,2011-11-01,2470.019
000001,2011-11-02,2504.108
000001,2011-11-03,2508.09
000001,2011-11-04,2528.294
000001,2011-11-07,2509.799
000001,2011-11-08,2503.836
000001,2011-11-09,2524.919
000001,2011-11-10,2479.536
000001,2011-11-11,2481.084
000001,2011-11-14,2528.714
000001,2011-11-15,2529.761
000001,2011-11-16,2466.959
000001,2011-11-17,2463.046
000001,2011-11-18,2416.562
000001,2011-11-21,2415.13
000001,2011-11-22,2412.625
000001,2011-11-23,2395.065
000001,2011-11-24,2397.554
000001,2011-11-25,2380.224
000001,2011-11-28,2383.034
000001,2011-11-29,2412.393
000001,2011-11-30,2333.414
000001,2011-12-01,2386.86
000001,2011-12-02,2360.664
000001,2011-12-05,2333.229
000001,2011-12-06,2325.905
000001,2011-12-07,2332.73
000001,2011-12-08,2329.82
000001,2011-12-09,2315.27
000001,2011-12-12,2291.545
000001,2011-12-13,2248.59
000001,2011-12-14,2228.525
000001,2011-12-15,2180.895
000001,2011-12-16,2224.84
000001,2011-12-19,2218.235
000001,2011-12-20,2215.93
000001,2011-12-21,2191.148
000001,2011-12-22,2186.297
000001,2011-12-23,2204.784
000001,2011-12-26,2190.11
000001,2011-12-27,2166.205
000001,2011-12-28,2170.013
000001,2011-12-29,2173.561
000001,2011-12-30,2199.417
000001,2012-01-04,2169.39
000001,2012-01-05,2148.452
000001,2012-01-06,2163.395
000001,2012-01-09,2225.89
000001,2012-01-10,2285.744
000001,2012-01-11,2276.046
000001,2012-01-12,2275.01
000001,2012-01-13,2244.58
000001,2012-01-16,2206.193
000001,2012-01-17,2298.376
000001,2012-01-18,2266.384
000001,2012-01-19,2296.075
000001,2012-01-20,2319.118
000001,2012-01-30,2285.038
000001,2012-01-31,2292.61
000001,2012-02-01,2268.08
000001,2012-02-02,2312.556
000001,2012-02-03,2330.405
000001,2012-02-06,2331.136
000001,2012-02-07,2291.902
000001,2012-02-08,2347.53
000001,2012-02-09,2349.589
000001,2012-02-10,2351.981
000001,2012-02-13,2351.855
000001,2012-02-14,2344.771
000001,2012-02-15,2366.702
000001,2012-02-16,2356.86
000001,2012-02-17,2357.181
000001,2012-02-20,2363.597
000001,2012-02-21,2381.43
000001,2012-02-22,2403.587
000001,2012-02-23,2409.554
000001,2012-02-24,2439.628
000001,2012-02-27,2447.057
000001,2012-02-28,2451.857
000001,2012-02-29,2428.487
000001,2012-03-01,2426.115
000001,2012-03-02,2460.693
000001,2012-03-05,2445.002
000001,2012-03-06,2410.445
000001,2012-03-07,2394.794
000001,2012-03-08,2420.276
000001,2012-03-09,2439.462
000001,2012-03-12,2434.859
000001,2012-03-13,2455.795
000001,2012-03-14,2391.23
000001,2012-03-15,2373.774
000001,2012-03-16,2404.736
000001,2012-03-19,2410.184
000001,2012-03-20,2376.839
000001,2012-03-21,2378.195
000001,2012-03-22,2375.772
000001,2012-03-23,2349.539
000001,2012-03-26,2350.599
000001,2012-03-27,2347.179
000001,2012-03-28,2284.881
000001,2012-03-29,2252.16
000001,2012-03-30,2262.788
000001,2012-04-05,2302.241
000001,2012-04-06,2306.553
000001,2012-04-09,2285.777
000001,2012-04-10,2305.863
000001,2012-04-11,2308.925
000001,2012-04-12,2350.864
000001,2012-04-13,2359.161
000001,2012-04-16,2357.026
000001,2012-04-17,2334.985
000001,2012-04-18,2380.848
000001,2012-04-19,2378.634
000001,2012-04-20,2406.863
000001,2012-04-23,2388.588
000001,2012-04-24,2388.834
000001,2012-04-25,2406.813
000001,2012-04-26,2404.697
000001,2012-04-27,2396.316
000001,2012-05-02,2438.436
000001,2012-05-03,2440.08
000001,2012-05-04,2452.014
000001,2012-05-07,2451.947
000001,2012-05-08,2448.884
000001,2012-05-09,2408.587
000001,2012-05-10,2410.23
000001,2012-05-11,2394.983
000001,2012-05-14,2380.725
000001,2012-05-15,2374.843
000001,2012-05-16,2346.192
000001,2012-05-17,2378.886
000001,2012-05-18,2344.52
000001,2012-05-21,2348.3
000001,2012-05-22,2373.307
000001,2012-05-23,2363.437
000001,2012-05-24,2350.973
000001,2012-05-25,2333.553
000001,2012-05-28,2361.367
000001,2012-05-29,2389.636
000001,2012-05-30,2384.668
000001,2012-05-31,2372.234
000001,2012-06-01,2373.436
000001,2012-06-04,2308.55
000001,2012-06-05,2311.916
000001,2012-06-06,2309.555
000001,2012-06-07,2293.13
000001,2012-06-08,2281.447
000001,2012-06-11,2305.856
000001,2012-06-12,2289.791
000001,2012-06-13,2318.924
000001,2012-06-14,2295.946
000001,2012-06-15,2306.85
000001,2012-06-18,2316.052
000001,2012-06-19,2300.795
000001,2012-06-20,2292.877
000001,2012-06-21,2260.877
000001,2012-06-25,2224.114
000001,2012-06-26,2222.067
000001,2012-06-27,2216.934
000001,2012-06-28,2195.843
000001,2012-06-29,2225.431
000001,2012-07-02,2226.11
000001,2012-07-03,2229.193
000001,2012-07-04,2227.315
000001,2012-07-05,2201.353
000001,2012-07-06,2223.579
000001,2012-07-09,2170.814
000001,2012-07-10,2164.437
000001,2012-07-11,2175.383
000001,2012-07-12,2185.491
000001,2012-07-13,2185.895
000001,2012-07-16,2147.955
000001,2012-07-17,2161.186
000001,2012-07-18,2169.099
000001,2012-07-19,2184.841
000001,2012-07-20,2168.638
000001,2012-07-23,2141.402
000001,2012-07-24,2146.589
000001,2012-07-25,2136.151
000001,2012-07-26,2126.004
000001,2012-07-27,2128.765
000001,2012-07-30,2109.914
000001,2012-07-31,2103.634
000001,2012-08-01,2123.36
000001,2012-08-02,2111.182
000001,2012-08-03,2132.796
000001,2012-08-06,2154.916
000001,2012-08-07,2157.62
000001,2012-08-08,2160.99
000001,2012-08-09,2174.102
000001,2012-08-10,2168.814
000001,2012-08-13,2136.078
000001,2012-08-14,2142.525
000001,2012-08-15,2118.945
000001,2012-08-16,2112.197
000001,2012-08-17,2114.891
000001,2012-08-20,2106.957
000001,2012-08-21,2118.268
000001,2012-08-22,2107.711
000001,2012-08-23,2113.072
000001,2012-08-24,2092.104
000001,2012-08-27,2055.708
000001,2012-08-28,2073.154
000001,2012-08-29,2053.235
000001,2012-08-30,2052.585
000001,2012-08-31,2047.522
000001,2012-09-03,2059.147
000001,2012-09-04,2043.649
000001,2012-09-05,2037.681
000001,2012-09-06,2051.918
000001,2012-09-07,2127.762
000001,2012-09-10,2134.893
000001,2012-09-11,2120.554
000001,2012-09-12,2126.554
000001,2012-09-13,2110.379
000001,2012-09-14,2123.847
000001,2012-09-17,2078.5
000001,2012-09-18,2059.543
000001,2012-09-19,2067.831
000001,2012-09-20,2024.837
000001,2012-09-21,2026.69
000001,2012-09-24,2033.192
000001,2012-09-25,2029.293
000001,2012-09-26,2004.172
000001,2012-09-27,2056.323
000001,2012-09-28,2086.169
000001,2012-10-08,2074.419
000001,2012-10-09,2115.23
000001,2012-10-10,2119.942
000001,2012-10-11,2102.868
000001,2012-10-12,2104.932
000001,2012-10-15,2098.703
000001,2012-10-16,2098.808
000001,2012-10-17,2105.618
000001,2012-10-18,2131.688
000001,2012-10-19,2128.302
000001,2012-10-22,2132.758
000001,2012-10-23,2114.447
000001,2012-10-24,2115.99
000001,2012-10-25,2101.58
000001,2012-10-26,2066.209
000001,2012-10-29,2058.943
000001,2012-10-30,2062.347
000001,2012-10-31,2068.88
000001,2012-11-01,2104.428
000001,2012-11-02,2117.046
000001,2012-11-05,2114.027
000001,2012-11-06,2105.999
000001,2012-11-07,2105.73
000001,2012-11-08,2071.509
000001,2012-11-09,2069.067
000001,2012-11-12,2079.274
000001,2012-11-13,2047.889
000001,2012-11-14,2055.419
000001,2012-11-15,2030.29
000001,2012-11-16,2014.725
000001,2012-11-19,2016.982
000001,2012-11-20,2008.923
000001,2012-11-21,2030.319
000001,2012-11-22,2015.611
000001,2012-11-23,2027.384
000001,2012-11-26,2017.464
000001,2012-11-27,1991.165
000001,2012-11-28,1973.523
000001,2012-11-29,1963.488
000001,2012-11-30,1980.117
000001,2012-12-03,1959.767
000001,2012-12-04,1975.143
000001,2012-12-05,2031.907
000001,2012-12-06,2029.237
000001,2012-12-07,2061.786
000001,2012-12-10,2083.77
000001,2012-12-11,2074.704
000001,2012-12-12,2082.726
000001,2012-12-13,2061.476
000001,2012-12-14,2150.625
000001,2012-12-17,2160.342
000001,2012-12-18,2162.464
000001,2012-12-19,2162.239
000001,2012-12-20,2168.353
000001,2012-12-21,2153.31
000001,2012-12-24,2159.053
000001,2012-12-25,2213.611
000001,2012-12-26,2219.132
000001,2012-12-27,2205.897
000001,2012-12-28,2233.252
000001,2012-12-31,2269.128
000001,2013-01-04,2276.992
000001,2013-01-07,2285.364
000001,2013-01-08,2276.07
000001,2013-01-09,2275.34
000001,2013-01-10,2283.658
000001,2013-01-11,2242.997
000001,2013-01-14,2311.74
000001,2013-01-15,2325.682
000001,2013-01-16,2309.499
000001,2013-01-17,2284.909
000001,2013-01-18,2317.07
000001,2013-01-21,2328.221
000001,2013-01-22,2315.139
000001,2013-01-23,2320.911
000001,2013-01-24,2302.598
000001,2013-01-25,2291.304
000001,2013-01-28,2346.505
000001,2013-01-29,2358.977
000001,2013-01-30,2382.475
000001,2013-01-31,2385.422
000001,2013-02-01,2419.02
000001,2013-02-04,2428.154
000001,2013-02-05,2433.13
000001,2013-02-06,2434.477
000001,2013-02-07,2418.53
000001,2013-02-08,2432.402
000001,2013-02-18,2421.558
000001,2013-02-19,2382.914
000001,2013-02-20,2397.178
000001,2013-02-21,2325.951
000001,2013-02-22,2314.164
000001,2013-02-25,2325.819
000001,2013-02-26,2293.341
000001,2013-02-27,2313.22
000001,2013-02-28,2365.593
000001,2013-03-01,2359.506
000001,2013-03-04,2273.404
000001,2013-03-05,2326.306
000001,2013-03-06,2347.179
000001,2013-03-07,2324.293
000001,2013-03-08,2318.611
000001,2013-03-11,2310.593
000001,2013-03-12,2286.605
000001,2013-03-13,2263.968
000001,2013-03-14,2270.277
000001,2013-03-15,2278.401
000001,2013-03-18,2240.016
000001,2013-03-19,2257.434
000001,2013-03-20,2317.374
000001,2013-03-21,2324.242
000001,2013-03-22,2328.278
000001,2013-03-25,2326.715
000001,2013-03-26,2297.669
000001,2013-03-27,2301.259
000001,2013-03-28,2236.302
000001,2013-03-29,2236.621
000001,2013-04-01,2234.395
000001,2013-04-02,2227.74
000001,2013-04-03,2225.295
000001,2013-04-08,2211.592
000001,2013-04-09,2225.775
000001,2013-04-10,2226.126
000001,2013-04-11,2219.553
000001,2013-04-12,2206.78
000001,2013-04-15,2181.942
000001,2013-04-16,2194.846
000001,2013-04-17,2193.796
000001,2013-04-18,2197.602
000001,2013-04-19,2244.643
000001,2013-04-22,2242.169
000001,2013-04-23,2184.538
000001,2013-04-24,2218.318
000001,2013-04-25,2199.307
000001,2013-04-26,2177.912
000001,2013-05-02,2174.123
000001,2013-05-03,2205.497
000001,2013-05-06,2231.166
000001,2013-05-07,2235.575
000001,2013-05-08,2246.3
000001,2013-05-09,2232.971
000001,2013-05-10,2246.831
000001,2013-05-13,2241.92
000001,2013-05-14,2217.01
000001,2013-05-15,2224.797
000001,2013-05-16,2251.806
000001,2013-05-17,2282.87
000001,2013-05-20,2299.986
000001,2013-05-21,2305.114
000001,2013-05-22,2302.403
000001,2013-05-23,2275.667
000001,2013-05-24,2288.533
000001,2013-05-27,2293.077
000001,2013-05-28,2321.318
000001,2013-05-29,2324.017
000001,2013-05-30,2317.749
000001,2013-05-31,2300.595
000001,2013-06-03,2299.252
000001,2013-06-04,2272.416
000001,2013-06-05,2270.931
000001,2013-06-06,2242.11
000001,2013-06-07,2210.898
000001,2013-06-13,2148.355
000001,2013-06-14,2162.041
000001,2013-06-17,2156.215
000001,2013-06-18,2159.291
000001,2013-06-19,2143.454
000001,2013-06-20,2084.021
000001,2013-06-21,2073.095
000001,2013-06-24,1963.235
000001,2013-06-25,1959.508
000001,2013-06-26,1951.495
000001,2013-06-27,1950.013
000001,2013-06-28,1979.206
000001,2013-07-01,1995.242
000001,2013-07-02,2006.56
000001,2013-07-03,1994.268
000001,2013-07-04,2006.098
000001,2013-07-05,2007.199
000001,2013-07-08,1958.273
000001,2013-07-09,1965.454
000001,2013-07-10,2008.126
000001,2013-07-11,2072.991
000001,2013-07-12,2039.486
000001,2013-07-15,2059.39
000001,2013-07-16,2065.72
000001,2013-07-17,2044.922
000001,2013-07-18,2023.396
000001,2013-07-19,1992.648
000001,2013-07-22,2004.762
000001,2013-07-23,2043.876
000001,2013-07-24,2033.329
000001,2013-07-25,2021.174
000001,2013-07-26,2010.85
000001,2013-07-29,1976.306
000001,2013-07-30,1990.064
000001,2013-07-31,1993.799
000001,2013-08-01,2029.067
000001,2013-08-02,2029.418
000001,2013-08-05,2050.481
000001,2013-08-06,2060.5
000001,2013-08-07,2046.778
000001,2013-08-08,2044.895
000001,2013-08-09,2052.235
000001,2013-08-12,2101.283
000001,2013-08-13,2106.156
000001,2013-08-14,2100.137
000001,2013-08-15,2081.88
000001,2013-08-16,2068.452
000001,2013-08-19,2085.602
000001,2013-08-20,2072.595
000001,2013-08-21,2072.961
000001,2013-08-22,2067.124
000001,2013-08-23,2057.458
000001,2013-08-26,2096.474
000001,2013-08-27,2103.567
000001,2013-08-28,2101.301
000001,2013-08-29,2097.227
000001,2013-08-30,2098.382
000001,2013-09-02,2098.448
000001,2013-09-03,2123.112
000001,2013-09-04,2127.618
000001,2013-09-05,2122.43
000001,2013-09-06,2139.993
000001,2013-09-09,2212.516
000001,2013-09-10,2237.984
000001,2013-09-11,2241.268
000001,2013-09-12,2255.605
000001,2013-09-13,2236.217
000001,2013-09-16,2231.401
000001,2013-09-17,2185.56
000001,2013-09-18,2191.851
000001,2013-09-23,2221.044
000001,2013-09-24,2207.531
000001,2013-09-25,2198.515
000001,2013-09-26,2155.809
000001,2013-09-27,2160.027
000001,2013-09-30,2174.665
000001,2013-10-08,2198.199
000001,2013-10-09,2211.769
000001,2013-10-10,2190.929
000001,2013-10-11,2228.146
000001,2013-10-14,2237.773
000001,2013-10-15,2233.412
000001,2013-10-16,2193.074
000001,2013-10-17,2188.542
000001,2013-10-18,2193.78
000001,2013-10-21,2229.237
000001,2013-10-22,2210.652
000001,2013-10-23,2183.107
000001,2013-10-24,2164.322
000001,2013-10-25,2132.955
000001,2013-10-28,2133.869
000001,2013-10-29,2128.864
000001,2013-10-30,2160.463
000001,2013-10-31,2141.614
000001,2013-11-01,2149.562
000001,2013-11-04,2149.634
000001,2013-11-05,2157.24
000001,2013-11-06,2139.607
000001,2013-11-07,2129.4
000001,2013-11-08,2106.127
000001,2013-11-11,2109.471
000001,2013-11-12,2126.772
000001,2013-11-13,2087.941
000001,2013-11-14,2100.506
000001,2013-11-15,2135.827
000001,2013-11-18,2197.219
000001,2013-11-19,2193.125
000001,2013-11-20,2206.613
000001,2013-11-21,2205.766
000001,2013-11-22,2196.378
000001,2013-11-25,2186.115
000001,2013-11-26,2183.073
000001,2013-11-27,2201.07
000001,2013-11-28,2219.372
000001,2013-11-29,2220.504
000001,2013-12-02,2207.371
000001,2013-12-03,2222.67
000001,2013-12-04,2251.762
000001,2013-12-05,2247.063
000001,2013-12-06,2237.108
000001,2013-12-09,2238.2
000001,2013-12-10,2237.492
000001,2013-12-11,2204.166
000001,2013-12-12,2202.796
000001,2013-12-13,2196.075
000001,2013-12-16,2160.861
000001,2013-12-17,2151.079
000001,2013-12-18,2148.285
000001,2013-12-19,2127.792
000001,2013-12-20,2084.794
000001,2013-12-23,2089.707
000001,2013-12-24,2092.905
000001,2013-12-25,2106.354
000001,2013-12-26,2073.099
000001,2013-12-27,2101.251
000001,2013-12-30,2097.529
000001,2013-12-31,2115.978
000001,2014-01-02,2109.387
000001,2014-01-03,2083.136
000001,2014-01-06,2045.709
000001,2014-01-07,2047.317
000001,2014-01-08,2044.34
000001,2014-01-09,2027.622
000001,2014-01-10,2013.298
000001,2014-01-13,2009.564
000001,2014-01-14,2026.842
000001,2014-01-15,2023.348
000001,2014-01-16,2023.701
000001,2014-01-17,2004.949
000001,2014-01-20,1991.253
000001,2014-01-21,2008.313
000001,2014-01-22,2051.749
000001,2014-01-23,2042.18
000001,2014-01-24,2054.392
000001,2014-01-27,2033.3
000001,2014-01-28,2038.513
000001,2014-01-29,2049.914
000001,2014-01-30,2033.083
000001,2014-02-07,2044.497
000001,2014-02-10,2086.067
000001,2014-02-11,2103.671
000001,2014-02-12,2109.955
000001,2014-02-13,2098.401
000001,2014-02-14,2115.848
000001,2014-02-17,2135.415
000001,2014-02-18,2119.066
000001,2014-02-19,2142.554
000001,2014-02-20,2138.782
000001,2014-02-21,2113.693
000001,2014-02-24,2076.686
000001,2014-02-25,2034.219
000001,2014-02-26,2041.254
000001,2014-02-27,2047.354
000001,2014-02-28,2056.302
000001,2014-03-03,2075.235
000001,2014-03-04,2071.473
000001,2014-03-05,2053.084
000001,2014-03-06,2059.578
000001,2014-03-07,2057.908
000001,2014-03-10,1999.065
000001,2014-03-11,2001.157
000001,2014-03-12,1997.692
000001,2014-03-13,2019.111
000001,2014-03-14,2004.339
000001,2014-03-17,2023.673
000001,2014-03-18,2025.196
000001,2014-03-19,2021.734
000001,2014-03-20,1993.479
000001,2014-03-21,2047.619
000001,2014-03-24,2066.279
000001,2014-03-25,2067.311
000001,2014-03-26,2063.67
000001,2014-03-27,2046.588
000001,2014-03-28,2041.712
000001,2014-03-31,2033.306
000001,2014-04-01,2047.46
000001,2014-04-02,2058.988
000001,2014-04-03,2043.702
000001,2014-04-04,2058.831
000001,2014-04-08,2098.284
000001,2014-04-09,2105.237
000001,2014-04-10,2134.3
000001,2014-04-11,2130.542
000001,2014-04-14,2131.539
000001,2014-04-15,2101.601
000001,2014-04-16,2105.122
000001,2014-04-17,2098.885
000001,2014-04-18,2097.748
000001,2014-04-21,2065.826
000001,2014-04-22,2072.831
000001,2014-04-23,2067.382
000001,2014-04-24,2057.033
000001,2014-04-25,2036.519
000001,2014-04-28,2003.487
000001,2014-04-29,2020.341
000001,2014-04-30,2026.358
000001,2014-05-05,2027.353
000001,2014-05-06,2028.038
000001,2014-05-07,2010.083
000001,2014-05-08,2015.274
000001,2014-05-09,2011.135
000001,2014-05-12,2052.871
000001,2014-05-13,2050.728
000001,2014-05-14,2047.91
000001,2014-05-15,2024.974
000001,2014-05-16,2026.504
000001,2014-05-19,2005.183
000001,2014-05-20,2008.119
000001,2014-05-21,2024.951
000001,2014-05-22,2021.285
000001,2014-05-23,2034.569
000001,2014-05-26,2041.476
000001,2014-05-27,2034.565
000001,2014-05-28,2050.228
000001,2014-05-29,2040.595
000001,2014-05-30,2039.212
000001,2014-06-03,2038.305
000001,2014-06-04,2024.834
000001,2014-06-05,2040.878
000001,2014-06-06,2029.956
000001,2014-06-09,2030.502
000001,2014-06-10,2052.532
000001,2014-06-11,2054.948
000001,2014-06-12,2051.713
000001,2014-06-13,2070.715
000001,2014-06-16,2085.983
000001,2014-06-17,2066.698
000001,2014-06-18,2055.519
000001,2014-06-19,2023.735
000001,2014-06-20,2026.674
000001,2014-06-23,2024.365
000001,2014-06-24,2033.931
000001,2014-06-25,2025.502
000001,2014-06-26,2038.677
000001,2014-06-27,2036.51
000001,2014-06-30,2048.327
000001,2014-07-01,2050.381
000001,2014-07-02,2059.418
000001,2014-07-03,2063.229
000001,2014-07-04,2059.375
000001,2014-07-07,2059.927
000001,2014-07-08,2064.021
000001,2014-07-09,2038.612
000001,2014-07-10,2038.342
000001,2014-07-11,2046.961
000001,2014-07-14,2066.646
000001,2014-07-15,2070.357
000001,2014-07-16,2067.276
000001,2014-07-17,2055.591
000001,2014-07-18,2059.067
000001,2014-07-21,2054.479
000001,2014-07-22,2075.481
000001,2014-07-23,2078.489
000001,2014-07-24,2105.062
000001,2014-07-25,2126.614
000001,2014-07-28,2177.948
000001,2014-07-29,2183.192
000001,2014-07-30,2181.243
000001,2014-07-31,2201.562
000001,2014-08-01,2185.303
000001,2014-08-04,2223.331
000001,2014-08-05,2219.945
000001,2014-08-06,2217.465
000001,2014-08-07,2187.669
000001,2014-08-08,2194.425
000001,2014-08-11,2224.654
000001,2014-08-12,2221.595
000001,2014-08-13,2222.877
000001,2014-08-14,2206.466
000001,2014-08-15,2226.734
000001,2014-08-18,2239.466
000001,2014-08-19,2245.33
000001,2014-08-20,2240.211
000001,2014-08-21,2230.458
000001,2014-08-22,2240.812
000001,2014-08-25,2229.274
000001,2014-08-26,2207.106
000001,2014-08-27,2209.465
000001,2014-08-28,2195.818
000001,2014-08-29,2217.2
000001,2014-09-01,2235.511
000001,2014-09-02,2266.046
000001,2014-09-03,2288.627
000001,2014-09-04,2306.862
000001,2014-09-05,2326.432
000001,2014-09-09,2326.527
000001,2014-09-10,2318.305
000001,2014-09-11,2311.679
000001,2014-09-12,2331.95
000001,2014-09-15,2339.14
000001,2014-09-16,2296.555
000001,2014-09-17,2307.893
000001,2014-09-18,2315.928
000001,2014-09-19,2329.451
000001,2014-09-22,2289.866
000001,2014-09-23,2309.718
000001,2014-09-24,2343.575
000001,2014-09-25,2345.103
000001,2014-09-26,2347.718
000001,2014-09-29,2357.711
000001,2014-09-30,2363.87
000001,2014-10-08,2382.794
000001,2014-10-09,2389.371
000001,2014-10-10,2374.54
000001,2014-10-13,2366.009
000001,2014-10-14,2359.475
000001,2014-10-15,2373.67
000001,2014-10-16,2356.499
000001,2014-10-17,2341.184
000001,2014-10-20,2356.728
000001,2014-10-21,2339.657
000001,2014-10-22,2326.553
000001,2014-10-23,2302.418
000001,2014-10-24,2302.28
000001,2014-10-27,2290.437
000001,2014-10-28,2337.871
000001,2014-10-29,2373.03
000001,2014-10-30,2391.076
000001,2014-10-31,2420.178
000001,2014-11-03,2430.032
000001,2014-11-04,2430.677
000001,2014-11-05,2419.254
000001,2014-11-06,2425.864
000001,2014-11-07,2418.171
000001,2014-11-10,2473.673
000001,2014-11-11,2469.673
000001,2014-11-12,2494.476
000001,2014-11-13,2485.606
000001,2014-11-14,2478.824
000001,2014-11-17,2474.009
000001,2014-11-18,2456.366
000001,2014-11-19,2450.986
000001,2014-11-20,2452.66
000001,2014-11-21,2486.791
000001,2014-11-24,2532.879
000001,2014-11-25,2567.597
000001,2014-11-26,2604.345
000001,2014-11-27,2630.486
000001,2014-11-28,2682.835
000001,2014-12-01,2680.155
000001,2014-12-02,2763.545
000001,2014-12-03,2779.525
000001,2014-12-04,2899.456
000001,2014-12-05,2937.647
000001,2014-12-08,3020.258
000001,2014-12-09,2856.269
000001,2014-12-10,2940.006
000001,2014-12-11,2925.743
000001,2014-12-12,2938.173
000001,2014-12-15,2953.421
000001,2014-12-16,3021.518
000001,2014-12-17,3061.02
000001,2014-12-18,3057.521
000001,2014-12-19,3108.596
000001,2014-12-22,3127.445
000001,2014-12-23,3032.612
000001,2014-12-24,2972.532
000001,2014-12-25,3072.536
000001,2014-12-26,3157.603
000001,2014-12-29,3168.016
000001,2014-12-30,3165.815
000001,2014-12-31,3234.677
000001,2015-01-05,3350.519
000001,2015-01-06,3351.446
000001,2015-01-07,3373.954
000001,2015-01-08,3293.456
000001,2015-01-09,3285.412
000001,2015-01-12,3229.316
000001,2015-01-13,3235.301
000001,2015-01-14,3222.437
000001,2015-01-15,3336.455
000001,2015-01-16,3376.495
000001,2015-01-19,3116.351
000001,2015-01-20,3173.052
000001,2015-01-21,3323.611
000001,2015-01-22,3343.344
000001,2015-01-23,3351.764
000001,2015-01-26,3383.182
000001,2015-01-27,3352.96
000001,2015-01-28,3305.738
000001,2015-01-29,3262.305
000001,2015-01-30,3210.363
000001,2015-02-02,3128.3
000001,2015-02-03,3204.907
000001,2015-02-04,3174.126
000001,2015-02-05,3136.531
000001,2015-02-06,3075.907
000001,2015-02-09,3095.124
000001,2015-02-10,3141.593
000001,2015-02-11,3157.704
000001,2015-02-12,3173.416
000001,2015-02-13,3203.827
000001,2015-02-16,3222.363
000001,2015-02-17,3246.906
000001,2015-02-25,3228.843
000001,2015-02-26,3298.359
000001,2015-02-27,3310.303
000001,2015-03-02,3336.285
000001,2015-03-03,3263.052
000001,2015-03-04,3279.533
000001,2015-03-05,3248.476
000001,2015-03-06,3241.187
000001,2015-03-09,3302.408
000001,2015-03-10,3286.068
000001,2015-03-11,3290.9
000001,2015-03-12,3349.323
000001,2015-03-13,3372.911
000001,2015-03-16,3449.305
000001,2015-03-17,3502.847
000001,2015-03-18,3577.301
000001,2015-03-19,3582.271
000001,2015-03-20,3617.318
000001,2015-03-23,3687.728
000001,2015-03-24,3691.41
000001,2015-03-25,3660.727
000001,2015-03-26,3682.095
000001,2015-03-27,3691.096
000001,2015-03-30,3786.568
000001,2015-03-31,3747.899
000001,2015-04-01,3810.294
000001,2015-04-02,3825.784
000001,2015-04-03,3863.929
000001,2015-04-07,3961.378
000001,2015-04-08,3994.811
000001,2015-04-09,3957.534
000001,2015-04-10,4034.31
000001,2015-04-13,4121.715
000001,2015-04-14,4135.565
000001,2015-04-15,4084.163
000001,2015-04-16,4194.823
000001,2015-04-17,4287.296
000001,2015-04-20,4217.077
000001,2015-04-21,4293.623
000001,2015-04-22,4398.494
000001,2015-04-23,4414.508
000001,2015-04-24,4393.686
000001,2015-04-27,4527.396
000001,2015-04-28,4476.215
000001,2015-04-29,4476.62
000001,2015-04-30,4441.655
000001,2015-05-04,4480.464
000001,2015-05-05,4298.706
000001,2015-05-06,4229.266
000001,2015-05-07,4112.214
000001,2015-05-08,4205.917
000001,2015-05-11,4333.584
000001,2015-05-12,4401.219
000001,2015-05-13,4375.76
000001,2015-05-14,4378.311
000001,2015-05-15,4308.691
000001,2015-05-18,4283.491
000001,2015-05-19,4417.552
000001,2015-05-20,4446.288
000001,2015-05-21,4529.422
000001,2015-05-22,4657.596
000001,2015-05-25,4813.798
000001,2015-05-26,4910.897
000001,2015-05-27,4941.714
000001,2015-05-28,4620.266
000001,2015-05-29,4611.744
000001,2015-06-01,4828.738
000001,2015-06-02,4910.527
000001,2015-06-03,4909.978
000001,2015-06-04,4947.102
000001,2015-06-05,5023.096
000001,2015-06-08,5131.8809
000001,2015-06-09,5113.5337
000001,2015-06-10,5106.0359
000001,2015-06-11,5121.5925
000001,2015-06-12,5166.35
000001,2015-06-15,5062.9929
000001,2015-06-16,4887.432
000001,2015-06-17,4967.8983
000001,2015-06-18,4785.356
000001,2015-06-19,4478.3643
000001,2015-06-23,4576.4922
000001,2015-06-24,4690.1497
000001,2015-06-25,4527.7789
000001,2015-06-26,4192.8734
000001,2015-06-29,4053.0304
000001,2015-06-30,4277.2219
000001,2015-07-01,4053.6997
000001,2015-07-02,3912.7668
000001,2015-07-03,3686.9153
000001,2015-07-06,3775.9122
000001,2015-07-07,3727.1248
000001,2015-07-08,3507.1923
000001,2015-07-09,3709.3304
000001,2015-07-10,3877.8034
000001,2015-07-13,3970.3878
000001,2015-07-14,3924.4871
000001,2015-07-15,3805.7033
000001,2015-07-16,3823.1755
000001,2015-07-17,3957.3516
000001,2015-07-20,3992.1096
000001,2015-07-21,4017.6748
000001,2015-07-22,4026.045
000001,2015-07-23,4123.9234
000001,2015-07-24,4070.908
000001,2015-07-27,3725.5582
000001,2015-07-28,3663.0024
000001,2015-07-29,3789.168
000001,2015-07-30,3705.7656
000001,2015-07-31,3663.7256
000001,2015-08-03,3622.9051
000001,2015-08-04,3756.5449
000001,2015-08-05,3694.5733
000001,2015-08-06,3661.5392
000001,2015-08-07,3744.2045
000001,2015-08-10,3928.4154
000001,2015-08-11,3927.9083
000001,2015-08-12,3886.3198
000001,2015-08-13,3954.5561
000001,2015-08-14,3965.3349
000001,2015-08-17,3993.6677
000001,2015-08-18,3748.1639
000001,2015-08-19,3794.1094
000001,2015-08-20,3664.2907
000001,2015-08-21,3507.744
000001,2015-08-24,3209.905
000001,2015-08-25,2964.9674
000001,2015-08-26,2927.288
000001,2015-08-27,3083.5912
000001,2015-08-28,3232.3495
000001,2015-08-31,3205.9855
000001,2015-09-01,3166.6239
000001,2015-09-02,3160.167
000001,2015-09-07,3080.4201
000001,2015-09-08,3170.4522
000001,2015-09-09,3243.0889
000001,2015-09-10,3197.8932
000001,2015-09-11,3200.2337
000001,2015-09-14,3114.798
000001,2015-09-15,3005.1722
000001,2015-09-16,3152.2632
000001,2015-09-17,3086.0611
000001,2015-09-18,3097.9172
000001,2015-09-21,3156.5399
000001,2015-09-22,3185.6187
000001,2015-09-23,3115.8881
000001,2015-09-24,3142.6869
000001,2015-09-25,3092.347
000001,2015-09-28,3100.7559
000001,2015-09-29,3038.1368
000001,2015-09-30,3052.7814
000001,2015-10-08,3143.3573
000001,2015-10-09,3183.1516
000001,2015-10-12,3287.6624
000001,2015-10-13,3293.2301
000001,2015-10-14,3262.4414
000001,2015-10-15,3338.073
000001,2015-10-16,3391.3516
000001,2015-10-19,3386.7003
000001,2015-10-20,3425.3303
000001,2015-10-21,3320.6761
000001,2015-10-22,3368.7388
000001,2015-10-23,3412.4338
000001,2015-10-26,3429.5809
000001,2015-10-27,3434.336
000001,2015-10-28,3375.1961
000001,2015-10-29,3387.3154
000001,2015-10-30,3382.5612
000001,2015-11-02,3325.0846
000001,2015-11-03,3316.6954
000001,2015-11-04,3459.6396
000001,2015-11-05,3522.8185
000001,2015-11-06,3590.0324
000001,2015-11-09,3646.8811
000001,2015-11-10,3640.4853
000001,2015-11-11,3650.2494
000001,2015-11-12,3632.9016
000001,2015-11-13,3580.8388
000001,2015-11-16,3606.9574
000001,2015-11-17,3604.7951
000001,2015-11-18,3568.4676
000001,2015-11-19,3617.0618
000001,2015-11-20,3630.4995
000001,2015-11-23,3610.3146
000001,2015-11-24,3616.1125
000001,2015-11-25,3647.93
000001,2015-11-26,3635.5521
000001,2015-11-27,3436.303
000001,2015-11-30,3445.4048
000001,2015-12-01,3456.3085
000001,2015-12-02,3536.9051
000001,2015-12-03,3584.8237
000001,2015-12-04,3524.992
000001,2015-12-07,3536.9272
000001,2015-12-08,3470.0698
000001,2015-12-09,3472.4394
000001,2015-12-10,3455.4951
000001,2015-12-11,3434.5813
000001,2015-12-14,3520.6682
000001,2015-12-15,3510.3537
000001,2015-12-16,3516.1867
000001,2015-12-17,3579.9989
000001,2015-12-18,3578.964
000001,2015-12-21,3642.4717
000001,2015-12-22,3651.7672
000001,2015-12-23,3636.0892
000001,2015-12-24,3612.4851
000001,2015-12-25,3627.9135
000001,2015-12-28,3533.7788
000001,2015-12-29,3563.7356
000001,2015-12-30,3572.8762
000001,2015-12-31,3539.1819
000001,2016-01-04,3296.2582
000001,2016-01-05,3287.7105
000001,2016-01-06,3361.8404
000001,2016-01-07,3125.0015
000001,2016-01-08,3186.412
000001,2016-01-11,3016.7038
000001,2016-01-12,3022.8611
000001,2016-01-13,2949.5968
000001,2016-01-14,3007.6489
000001,2016-01-15,2900.9698
000001,2016-01-18,2913.8367
000001,2016-01-19,3007.7393
000001,2016-01-20,2976.6938
000001,2016-01-21,2880.4816
000001,2016-01-22,2916.5624
000001,2016-01-25,2938.5149
000001,2016-01-26,2749.7854
000001,2016-01-27,2735.5578
000001,2016-01-28,2655.6609
000001,2016-01-29,2737.5996
000001,2016-02-01,2688.8536
000001,2016-02-02,2749.5703
000001,2016-02-03,2739.2469
000001,2016-02-04,2781.0227
000001,2016-02-05,2763.492
000001,2016-02-15,2746.1958
000001,2016-02-16,2836.5705
000001,2016-02-17,2867.3379
000001,2016-02-18,2862.8927
000001,2016-02-19,2860.0208
000001,2016-02-22,2927.175
000001,2016-02-23,2903.3313
000001,2016-02-24,2928.896
000001,2016-02-25,2741.2454
000001,2016-02-26,2767.2097
000001,2016-02-29,2687.9788
000001,2016-03-01,2733.17
000001,2016-03-02,2849.6811
000001,2016-03-03,2859.7582
000001,2016-03-04,2874.1468
000001,2016-03-07,2897.3395
000001,2016-03-08,2901.387
000001,2016-03-09,2862.556
000001,2016-03-10,2804.7255
000001,2016-03-11,2810.3074
000001,2016-03-14,2859.499
000001,2016-03-15,2864.3684
000001,2016-03-16,2870.43
000001,2016-03-17,2904.8319
000001,2016-03-18,2955.1498
000001,2016-03-21,3018.8017
000001,2016-03-22,2999.3628
000001,2016-03-23,3009.9604
000001,2016-03-24,2960.9704
000001,2016-03-25,2979.4343
000001,2016-03-28,2957.82
000001,2016-03-29,2919.8318
000001,2016-03-30,3000.6449
000001,2016-03-31,3003.9152
000001,2016-04-01,3009.5298
000001,2016-04-05,3053.0654
000001,2016-04-06,3050.592
000001,2016-04-07,3008.42
000001,2016-04-08,2984.9582
000001,2016-04-11,3033.957
000001,2016-04-12,3023.6464
000001,2016-04-13,3066.6381
000001,2016-04-14,3082.3615
000001,2016-04-15,3078.1166
000001,2016-04-18,3033.6604
000001,2016-04-19,3042.8232
000001,2016-04-20,2972.5837
000001,2016-04-21,2952.8911
000001,2016-04-22,2959.24
000001,2016-04-25,2946.6704
000001,2016-04-26,2964.6997
000001,2016-04-27,2953.6709
000001,2016-04-28,2945.5886
000001,2016-04-29,2938.3235
000001,2016-05-03,2992.6432
000001,2016-05-04,2991.2721
000001,2016-05-05,2997.8416
000001,2016-05-06,2913.2476
000001,2016-05-09,2832.1125
000001,2016-05-10,2832.5912
000001,2016-05-11,2837.0372
000001,2016-05-12,2835.8618
000001,2016-05-13,2827.1087
000001,2016-05-16,2850.8617
000001,2016-05-17,2843.6841
000001,2016-05-18,2807.5141
000001,2016-05-19,2806.9061
000001,2016-05-20,2825.4831
000001,2016-05-23,2843.645
000001,2016-05-24,2821.6663
000001,2016-05-25,2815.0863
000001,2016-05-26,2822.4429
000001,2016-05-27,2821.046
000001,2016-05-30,2822.4509
000001,2016-05-31,2916.616
000001,2016-06-01,2913.5077
000001,2016-06-02,2925.2293
000001,2016-06-03,2938.682
000001,2016-06-06,2934.0979
000001,2016-06-07,2936.0449
000001,2016-06-08,2927.159
000001,2016-06-13,2833.0707
000001,2016-06-14,2842.1886
000001,2016-06-15,2887.2101
000001,2016-06-16,2872.8166
000001,2016-06-17,2885.105
000001,2016-06-20,2888.8091
000001,2016-06-21,2878.5575
000001,2016-06-22,2905.5495
000001,2016-06-23,2891.9602
000001,2016-06-24,2854.2864
000001,2016-06-27,2895.7033
000001,2016-06-28,2912.5574
000001,2016-06-29,2931.5923
000001,2016-06-30,2929.6057
000001,2016-07-01,2932.4758
000001,2016-07-04,2988.604
000001,2016-07-05,3006.3919
000001,2016-07-06,3017.2924
000001,2016-07-07,3016.8467
000001,2016-07-08,2988.0939
000001,2016-07-11,2994.9167
000001,2016-07-12,3049.381
000001,2016-07-13,3060.6893
000001,2016-07-14,3054.0182
000001,2016-07-15,3054.296
000001,2016-07-18,3043.5643
000001,2016-07-19,3036.5979
000001,2016-07-20,3027.8995
000001,2016-07-21,3039.0091
000001,2016-07-22,3012.8157
000001,2016-07-25,3015.8278
000001,2016-07-26,3050.1661
000001,2016-07-27,2991.9991
000001,2016-07-28,2994.3234
000001,2016-07-29,2979.3388
000001,2016-08-01,2953.3854
000001,2016-08-02,2971.2787
000001,2016-08-03,2978.4608
000001,2016-08-04,2982.4261
000001,2016-08-05,2976.6962
000001,2016-08-08,3004.2767
000001,2016-08-09,3025.6805
000001,2016-08-10,3018.7459
000001,2016-08-11,3002.6376
000001,2016-08-12,3050.6674
000001,2016-08-15,3125.1952
000001,2016-08-16,3110.0369
000001,2016-08-17,3109.5549
000001,2016-08-18,3104.1138
000001,2016-08-19,3108.102
000001,2016-08-22,3084.8051
000001,2016-08-23,3089.7055
000001,2016-08-24,3085.8804
000001,2016-08-25,3068.3294
000001,2016-08-26,3070.3088
000001,2016-08-29,3070.0273
000001,2016-08-30,3074.6768
000001,2016-08-31,3085.491
000001,2016-09-01,3063.3054
000001,2016-09-02,3067.352
000001,2016-09-05,3072.0953
000001,2016-09-06,3090.7127
000001,2016-09-07,3091.9281
000001,2016-09-08,3095.9543
000001,2016-09-09,3078.8548
000001,2016-09-12,3021.9771
000001,2016-09-13,3023.5095
000001,2016-09-14,3002.8486
000001,2016-09-19,3026.0513
000001,2016-09-20,3022.9995
000001,2016-09-21,3025.8736
000001,2016-09-22,3042.3132
000001,2016-09-23,3033.8956
000001,2016-09-26,2980.4295
000001,2016-09-27,2998.1723
000001,2016-09-28,2987.8576
000001,2016-09-29,2998.4827
000001,2016-09-30,3004.703
000001,2016-10-10,3048.1428
000001,2016-10-11,3065.2497
000001,2016-10-12,3058.4981
000001,2016-10-13,3061.3458
000001,2016-10-14,3063.8086
000001,2016-10-17,3041.1663
000001,2016-10-18,3083.8751
000001,2016-10-19,3084.7189
000001,2016-10-20,3084.4577
000001,2016-10-21,3090.9412
000001,2016-10-24,3128.2467
000001,2016-10-25,3131.9385
000001,2016-10-26,3116.3119
000001,2016-10-27,3112.3498
000001,2016-10-28,3104.2703
000001,2016-10-31,3100.492
000001,2016-11-01,3122.4356
000001,2016-11-02,3102.7326
000001,2016-11-03,3128.9356
000001,2016-11-04,3125.3167
000001,2016-11-07,3133.3326
000001,2016-11-08,3147.8875
000001,2016-11-09,3128.3702
000001,2016-11-10,3171.282
000001,2016-11-11,3196.0436
000001,2016-11-14,3210.371
000001,2016-11-15,3206.9858
000001,2016-11-16,3205.0572
000001,2016-11-17,3208.4525
000001,2016-11-18,3192.8559
000001,2016-11-21,3218.1477
000001,2016-11-22,3248.3517
000001,2016-11-23,3241.1366
000001,2016-11-24,3241.7359
000001,2016-11-25,3261.9378
000001,2016-11-28,3276.9996
000001,2016-11-29,3282.9238
000001,2016-11-30,3250.0344
000001,2016-12-01,3273.3093
000001,2016-12-02,3243.8432
000001,2016-12-05,3204.7092
000001,2016-12-06,3199.6473
000001,2016-12-07,3222.2415
000001,2016-12-08,3215.3658
000001,2016-12-09,3232.8834
000001,2016-12-12,3152.9704
000001,2016-12-13,3155.0374
000001,2016-12-14,3140.5308
000001,2016-12-15,3117.677
000001,2016-12-16,3122.9815
000001,2016-12-19,3118.0846
000001,2016-12-20,3102.8759
000001,2016-12-21,3137.4297
000001,2016-12-22,3139.558
000001,2016-12-23,3110.1544
000001,2016-12-26,3122.569
000001,2016-12-27,3114.664
000001,2016-12-28,3102.2357
000001,2016-12-29,3096.0968
000001,2016-12-30,3103.6373
000001,2017-01-03,3135.9208
000001,2017-01-04,3158.794
000001,2017-01-05,3165.4109
000001,2017-01-06,3154.321
000001,2017-01-09,3171.2362
000001,2017-01-10,3161.6713
000001,2017-01-11,3136.7535
000001,2017-01-12,3119.2886
000001,2017-01-13,3112.7644
000001,2017-01-16,3103.428
000001,2017-01-17,3108.7746
000001,2017-01-18,3113.0123
000001,2017-01-19,3101.2992
000001,2017-01-20,3123.1389
000001,2017-01-23,3136.7748
000001,2017-01-24,3142.5533
000001,2017-01-25,3149.5547
000001,2017-01-26,3159.166
000001,2017-02-03,3140.17
000001,2017-02-06,3156.9838
000001,2017-02-07,3153.0878
000001,2017-02-08,3166.9818
000001,2017-02-09,3183.1794
000001,2017-02-10,3196.699
000001,2017-02-13,3216.8394
000001,2017-02-14,3217.928
000001,2017-02-15,3212.9857
000001,2017-02-16,3229.6184
000001,2017-02-17,3202.0756
000001,2017-02-20,3239.9613
000001,2017-02-21,3253.3257
000001,2017-02-22,3261.2184
000001,2017-02-23,3251.375
000001,2017-02-24,3253.4327
000001,2017-02-27,3228.6602
000001,2017-02-28,3241.7331
000001,2017-03-01,3246.9335
000001,2017-03-02,3230.0281
000001,2017-03-03,3218.3118
000001,2017-03-06,3233.8657
000001,2017-03-07,3242.4063
000001,2017-03-08,3240.6646
000001,2017-03-09,3216.7457
000001,2017-03-10,3212.7601
000001,2017-03-13,3237.0244
000001,2017-03-14,3239.3278
000001,2017-03-15,3241.7597
000001,2017-03-16,3268.9354
000001,2017-03-17,3237.4471
000001,2017-03-20,3250.8082
000001,2017-03-21,3261.6108
000001,2017-03-22,3245.2198
000001,2017-03-23,3248.5495
000001,2017-03-24,3269.4451
000001,2017-03-27,3266.9552
000001,2017-03-28,3252.9479
000001,2017-03-29,3241.3144
000001,2017-03-30,3210.2369
000001,2017-03-31,3222.5142
000001,2017-04-05,3270.3054
000001,2017-04-06,3281.0047
000001,2017-04-07,3286.616
000001,2017-04-10,3269.3926
000001,2017-04-11,3288.9657
000001,2017-04-12,3273.8301
000001,2017-04-13,3275.9603
000001,2017-04-14,3246.0668
000001,2017-04-17,3222.1673
000001,2017-04-18,3196.7133
000001,2017-04-19,3170.6867
000001,2017-04-20,3172.1003
000001,2017-04-21,3173.1512
000001,2017-04-24,3129.5312
000001,2017-04-25,3134.5674
000001,2017-04-26,3140.8471
000001,2017-04-27,3152.1869
000001,2017-04-28,3154.6584
000001,2017-05-02,3143.7121
000001,2017-05-03,3135.346
000001,2017-05-04,3127.3687
000001,2017-05-05,3103.0378
000001,2017-05-08,3078.6129
000001,2017-05-09,3080.5269
000001,2017-05-10,3052.785
000001,2017-05-11,3061.5003
000001,2017-05-12,3083.5132
000001,2017-05-15,3090.2289
000001,2017-05-16,3112.9642
000001,2017-05-17,3104.4415
000001,2017-05-18,3090.139
000001,2017-05-19,3090.6309
000001,2017-05-22,3075.6756
000001,2017-05-23,3061.947
000001,2017-05-24,3064.0759
000001,2017-05-25,3107.8311
000001,2017-05-26,3110.0587
000001,2017-05-31,3117.1778
000001,2017-06-01,3102.6232
000001,2017-06-02,3105.54
000001,2017-06-05,3091.6561
000001,2017-06-06,3102.126
000001,2017-06-07,3140.3249
000001,2017-06-08,3150.3336
000001,2017-06-09,3158.4004
000001,2017-06-12,3139.8766
000001,2017-06-13,3153.7429
000001,2017-06-14,3130.674
000001,2017-06-15,3132.4863
000001,2017-06-16,3123.1662
000001,2017-06-19,3144.3739
000001,2017-06-20,3140.0136
000001,2017-06-21,3156.2118
000001,2017-06-22,3147.4532
000001,2017-06-23,3157.873
000001,2017-06-26,3185.4439
000001,2017-06-27,3191.1969
000001,2017-06-28,3173.2014
000001,2017-06-29,3188.0625
000001,2017-06-30,3192.4269
000001,2017-07-03,3195.9116
000001,2017-07-04,3182.8039
000001,2017-07-05,3207.1342
000001,2017-07-06,3212.444
000001,2017-07-07,3217.9567
000001,2017-07-10,3212.6319
000001,2017-07-11,3203.0375
000001,2017-07-12,3197.5439
000001,2017-07-13,3218.1632
000001,2017-07-14,3222.4168
000001,2017-07-17,3176.4648
000001,2017-07-18,3187.5672
000001,2017-07-19,3230.9762
000001,2017-07-20,3244.8647
000001,2017-07-21,3237.9817
000001,2017-07-24,3250.5989
000001,2017-07-25,3243.6894
000001,2017-07-26,3247.6748
000001,2017-07-27,3249.7814
000001,2017-07-28,3253.2404
000001,2017-07-31,3273.0283
000001,2017-08-01,3292.6383
000001,2017-08-02,3285.0568
000001,2017-08-03,3272.9286
000001,2017-08-04,3262.0809
000001,2017-08-07,3279.4566
000001,2017-08-08,3281.8728
000001,2017-08-09,3275.573
000001,2017-08-10,3261.7494
000001,2017-08-11,3208.5413
000001,2017-08-14,3237.3602
000001,2017-08-15,3251.2617
000001,2017-08-16,3246.4512
000001,2017-08-17,3268.4298
000001,2017-08-18,3268.7243
000001,2017-08-21,3286.9055
000001,2017-08-22,3290.2257
000001,2017-08-23,3287.7049
000001,2017-08-24,3271.5117
000001,2017-08-25,3331.5221
000001,2017-08-28,3362.6514
000001,2017-08-29,3365.2261
000001,2017-08-30,3363.6266
000001,2017-08-31,3360.8103
000001,2017-09-01,3367.1194
000001,2017-09-04,3379.583
000001,2017-09-05,3384.317
000001,2017-09-06,3385.3888
000001,2017-09-07,3365.4974
000001,2017-09-08,3365.2426
000001,2017-09-11,3376.4188
000001,2017-09-12,3379.488
000001,2017-09-13,3384.147
000001,2017-09-14,3371.4256
000001,2017-09-15,3353.6192
000001,2017-09-18,3362.8587
000001,2017-09-19,3356.8446
000001,2017-09-20,3365.9959
000001,2017-09-21,3357.8123
000001,2017-09-22,3352.5294
000001,2017-09-25,3341.5487
000001,2017-09-26,3343.5826
000001,2017-09-27,3345.2717
000001,2017-09-28,3339.6421
000001,2017-09-29,3348.9431
000001,2017-10-09,3374.3781
000001,2017-10-10,3382.9879
000001,2017-10-11,3388.2838
000001,2017-10-12,3386.1
000001,2017-10-13,3390.5233
000001,2017-10-16,3378.4704
000001,2017-10-17,3372.0407
000001,2017-10-18,3381.7937
000001,2017-10-19,3370.1721
000001,2017-10-20,3378.6481
000001,2017-10-23,3380.699
000001,2017-10-24,3388.2477
000001,2017-10-25,3396.8975
000001,2017-10-26,3407.5671
000001,2017-10-27,3416.8124
000001,2017-10-30,3390.3371
000001,2017-10-31,3393.3417
000001,2017-11-01,3395.9125
000001,2017-11-02,3383.3095
000001,2017-11-03,3371.7441
000001,2017-11-06,3388.1742
000001,2017-11-07,3413.5748
000001,2017-11-08,3415.4602
000001,2017-11-09,3427.7946
000001,2017-11-10,3432.6731
000001,2017-11-13,3447.8358
000001,2017-11-14,3429.5482
000001,2017-11-15,3402.5245
000001,2017-11-16,3399.2503
000001,2017-11-17,3382.9075
000001,2017-11-20,3392.3988
000001,2017-11-21,3410.4977
000001,2017-11-22,3430.4643
000001,2017-11-23,3351.9182
000001,2017-11-24,3353.8207
000001,2017-11-27,3322.2298
000001,2017-11-28,3333.657
000001,2017-11-29,3337.862
000001,2017-11-30,3317.1884
000001,2017-12-01,3317.6174
000001,2017-12-04,3309.6183
000001,2017-12-05,3303.6751
000001,2017-12-06,3293.9648
000001,2017-12-07,3272.0542
000001,2017-12-08,3289.9924
000001,2017-12-11,3322.1956
000001,2017-12-12,3280.8136
000001,2017-12-13,3303.0373
000001,2017-12-14,3292.4385
000001,2017-12-15,3266.1371
000001,2017-12-18,3267.9224
000001,2017-12-19,3296.5384
000001,2017-12-20,3287.6057
000001,2017-12-21,3300.0593
000001,2017-12-22,3297.063
000001,2017-12-25,3280.461
000001,2017-12-26,3306.1246
000001,2017-12-27,3275.7828
000001,2017-12-28,3296.3847
000001,2017-12-29,3307.1721
000001,2018-01-02,3348.3259
000001,2018-01-03,3369.1084
000001,2018-01-04,3385.7102
000001,2018-01-05,3391.7501
000001,2018-01-08,3409.4795
000001,2018-01-09,3413.8996
000001,2018-01-10,3421.8343
000001,2018-01-11,3425.3449
000001,2018-01-12,3428.9407
000001,2018-01-15,3410.4882
000001,2018-01-16,3436.594
000001,2018-01-17,3444.6713
000001,2018-01-18,3474.754
000001,2018-01-19,3487.864
000001,2018-01-22,3501.3622
000001,2018-01-23,3546.5048
000001,2018-01-24,3559.4653
000001,2018-01-25,3548.307
000001,2018-01-26,3558.1288
000001,2018-01-29,3523.0007
000001,2018-01-30,3488.009
000001,2018-01-31,3480.8334
000001,2018-02-01,3446.9799
000001,2018-02-02,3462.0808
000001,2018-02-05,3487.497
000001,2018-02-06,3370.652
000001,2018-02-07,3309.2598
000001,2018-02-08,3262.0504
000001,2018-02-09,3129.8508
000001,2018-02-12,3154.1254
000001,2018-02-13,3184.9587
000001,2018-02-14,3199.1589
000001,2018-02-22,3268.5589
000001,2018-02-23,3289.0241
000001,2018-02-26,3329.5737
000001,2018-02-27,3292.0679
000001,2018-02-28,3259.408
000001,2018-03-01,3273.7549
000001,2018-03-02,3254.5283
000001,2018-03-05,3256.9263
000001,2018-03-06,3289.6419
000001,2018-03-07,3271.6683
000001,2018-03-08,3288.4055
000001,2018-03-09,3307.1656
000001,2018-03-12,3326.6992
000001,2018-03-13,3310.2389
000001,2018-03-14,3291.3819
000001,2018-03-15,3291.112
000001,2018-03-16,3269.8821
000001,2018-03-19,3279.2517
000001,2018-03-20,3290.6399
000001,2018-03-21,3280.9521
000001,2018-03-22,3263.4803
000001,2018-03-23,3152.7608
000001,2018-03-26,3133.7218
000001,2018-03-27,3166.6488
000001,2018-03-28,3122.2895
000001,2018-03-29,3160.5306
000001,2018-03-30,3168.8966
000001,2018-04-02,3163.179
000001,2018-04-03,3136.6332
000001,2018-04-04,3131.1114
000001,2018-04-09,3138.2936
000001,2018-04-10,3190.3216
000001,2018-04-11,3208.0818
000001,2018-04-12,3180.1583
000001,2018-04-13,3159.0521
000001,2018-04-16,3110.6489
000001,2018-04-17,3066.7967
000001,2018-04-18,3091.3987
000001,2018-04-19,3117.376
000001,2018-04-20,3071.5425
000001,2018-04-23,3068.012
000001,2018-04-24,3128.9271
000001,2018-04-25,3117.9739
000001,2018-04-26,3075.0301
000001,2018-04-27,3082.2316
000001,2018-05-02,3081.1773
000001,2018-05-03,3100.8586
000001,2018-05-04,3091.0334
000001,2018-05-07,3136.6448
000001,2018-05-08,3161.4976
000001,2018-05-09,3159.1502
000001,2018-05-10,3174.4127
000001,2018-05-11,3163.2632
000001,2018-05-14,3174.032
000001,2018-05-15,3192.1183
000001,2018-05-16,3169.5652
000001,2018-05-17,3154.2825
000001,2018-05-18,3193.3034
000001,2018-05-21,3213.8404
000001,2018-05-22,3214.3497
000001,2018-05-23,3168.9642
000001,2018-05-24,3154.6506
000001,2018-05-25,3141.3032
000001,2018-05-28,3135.0821
000001,2018-05-29,3120.4605
000001,2018-05-30,3041.4434
000001,2018-05-31,3095.4737
000001,2018-06-01,3075.1372
000001,2018-06-04,3091.1909
000001,2018-06-05,3114.2055
000001,2018-06-06,3115.1803
000001,2018-06-07,3109.4988
000001,2018-06-08,3067.1478
000001,2018-06-11,3052.7831
000001,2018-06-12,3079.8018
000001,2018-06-13,3049.7965
000001,2018-06-14,3044.1597
000001,2018-06-15,3021.9008
000001,2018-06-19,2907.8221
000001,2018-06-20,2915.7314
000001,2018-06-21,2875.8099
000001,2018-06-22,2889.7603
000001,2018-06-25,2859.3364
000001,2018-06-26,2844.5081
000001,2018-06-27,2813.1775
000001,2018-06-28,2786.8966
000001,2018-06-29,2847.4181
000001,2018-07-02,2775.557
000001,2018-07-03,2786.8878
000001,2018-07-04,2759.126
000001,2018-07-05,2733.8819
000001,2018-07-06,2747.2285
000001,2018-07-09,2815.1095
000001,2018-07-10,2827.6252
000001,2018-07-11,2777.7711
000001,2018-07-12,2837.6586
000001,2018-07-13,2831.1837
000001,2018-07-16,2814.0418
000001,2018-07-17,2798.1259
000001,2018-07-18,2787.257
000001,2018-07-19,2772.5454
000001,2018-07-20,2829.2712
000001,2018-07-23,2859.5424
000001,2018-07-24,2905.5618
000001,2018-07-25,2903.6467
000001,2018-07-26,2882.2254
000001,2018-07-27,2873.5938
000001,2018-07-30,2869.0495
000001,2018-07-31,2876.4009
000001,2018-08-01,2824.5337
000001,2018-08-02,2768.0239
000001,2018-08-03,2740.4429
000001,2018-08-06,2705.1565
000001,2018-08-07,2779.374
000001,2018-08-08,2744.0696
000001,2018-08-09,2794.3818
000001,2018-08-10,2795.3099
000001,2018-08-13,2785.872
000001,2018-08-14,2780.9646
000001,2018-08-15,2723.2576
000001,2018-08-16,2705.1917
000001,2018-08-17,2668.966
000001,2018-08-20,2698.4658
000001,2018-08-21,2733.8264
000001,2018-08-22,2714.6082
000001,2018-08-23,2724.6244
000001,2018-08-24,2729.4308
000001,2018-08-27,2780.899
000001,2018-08-28,2777.9808
000001,2018-08-29,2769.2947
000001,2018-08-30,2737.7367
000001,2018-08-31,2725.2499
000001,2018-09-03,2720.7344
000001,2018-09-04,2750.5804
000001,2018-09-05,2704.3368
000001,2018-09-06,2691.5929
000001,2018-09-07,2702.3007
000001,2018-09-10,2669.4845
000001,2018-09-11,2664.7997
000001,2018-09-12,2656.1101
000001,2018-09-13,2686.5784
000001,2018-09-14,2681.6431
000001,2018-09-17,2651.7886
000001,2018-09-18,2699.9501
000001,2018-09-19,2730.8503
000001,2018-09-20,2729.2438
000001,2018-09-21,2797.4848
000001,2018-09-25,2781.1385
000001,2018-09-26,2806.8133
000001,2018-09-27,2791.7748
000001,2018-09-28,2821.3501
000001,2018-10-08,2716.5104
000001,2018-10-09,2721.013
000001,2018-10-10,2725.8367
000001,2018-10-11,2583.4575
000001,2018-10-12,2606.9125
000001,2018-10-15,2568.0984
000001,2018-10-16,2546.3296
000001,2018-10-17,2561.614
000001,2018-10-18,2486.4186
000001,2018-10-19,2550.4652
000001,2018-10-22,2654.8762
000001,2018-10-23,2594.8255
000001,2018-10-24,2603.2951
000001,2018-10-25,2603.7995
000001,2018-10-26,2598.8468
000001,2018-10-29,2542.1033
000001,2018-10-30,2568.0481
000001,2018-10-31,2602.7832
000001,2018-11-01,2606.2372
000001,2018-11-02,2676.4762
000001,2018-11-05,2665.4306
000001,2018-11-06,2659.3564
000001,2018-11-07,2641.342
000001,2018-11-08,2635.6322
000001,2018-11-09,2598.8715
000001,2018-11-12,2630.5195
000001,2018-11-13,2654.8795
000001,2018-11-14,2632.2425
000001,2018-11-15,2668.1704
000001,2018-11-16,2679.1097
000001,2018-11-19,2703.5116
000001,2018-11-20,2645.8545
000001,2018-11-21,2651.5053
000001,2018-11-22,2645.4339
000001,2018-11-23,2579.4831
000001,2018-11-26,2575.8101
000001,2018-11-27,2574.6792
000001,2018-11-28,2601.7365
000001,2018-11-29,2567.4434
000001,2018-11-30,2588.1875
000001,2018-12-03,2654.798
000001,2018-12-04,2665.9577
000001,2018-12-05,2649.8051
000001,2018-12-06,2605.1813
000001,2018-12-07,2605.8876
000001,2018-12-10,2584.5822
000001,2018-12-11,2594.0881
000001,2018-12-12,2602.1526
000001,2018-12-13,2634.0491
000001,2018-12-14,2593.7407
000001,2018-12-17,2597.9737
000001,2018-12-18,2576.6495
000001,2018-12-19,2549.5634
000001,2018-12-20,2536.2675
000001,2018-12-21,2516.2506
000001,2018-12-24,2527.0071
000001,2018-12-25,2504.819
000001,2018-12-26,2498.2939
000001,2018-12-27,2483.0864
000001,2018-12-28,2493.8962
000001,2019-01-02,2465.291
000001,2019-01-03,2464.3628
000001,2019-01-04,2514.8682
000001,2019-01-07,2533.0887
000001,2019-01-08,2526.4622
000001,2019-01-09,2544.3449
000001,2019-01-10,2535.0985
000001,2019-01-11,2553.8313
000001,2019-01-14,2535.7653
000001,2019-01-15,2570.3449
000001,2019-01-16,2570.4221
000001,2019-01-17,2559.637
000001,2019-01-18,2596.0056
000001,2019-01-21,2610.5094
000001,2019-01-22,2579.7041
000001,2019-01-23,2581.0041
000001,2019-01-24,2591.6935
000001,2019-01-25,2601.7234
000001,2019-01-28,2596.9767
000001,2019-01-29,2594.2536
000001,2019-01-30,2575.5756
000001,2019-01-31,2584.5724
000001,2019-02-01,2618.2323
000001,2019-02-11,2653.896
000001,2019-02-12,2671.8937
000001,2019-02-13,2721.0683
000001,2019-02-14,2719.6999
000001,2019-02-15,2682.385
000001,2019-02-18,2754.3566
000001,2019-02-19,2755.6459
000001,2019-02-20,2761.2189
000001,2019-02-21,2751.8012
000001,2019-02-22,2804.2262
000001,2019-02-25,2961.2834
000001,2019-02-26,2941.5163
000001,2019-02-27,2953.8242
000001,2019-02-28,2940.9538
000001,2019-03-01,2994.005
000001,2019-03-04,3027.5755
000001,2019-03-05,3054.2466
000001,2019-03-06,3102.0991
000001,2019-03-07,3106.4179
000001,2019-03-08,2969.8614
000001,2019-03-11,3026.9925
000001,2019-03-12,3060.3073
000001,2019-03-13,3026.9513
000001,2019-03-14,2990.685
000001,2019-03-15,3021.7512
000001,2019-03-18,3096.4176
000001,2019-03-19,3090.975
000001,2019-03-20,3090.6403
000001,2019-03-21,3101.455
000001,2019-03-22,3104.1487
000001,2019-03-25,3043.0313
000001,2019-03-26,2997.0954
000001,2019-03-27,3022.7196
000001,2019-03-28,2994.9434
000001,2019-03-29,3090.758
000001,2019-04-01,3170.361
000001,2019-04-02,3176.8227
000001,2019-04-03,3216.2952
000001,2019-04-04,3246.5714
000001,2019-04-08,3244.8103
000001,2019-04-09,3239.6639
000001,2019-04-10,3241.9299
000001,2019-04-11,3189.9619
000001,2019-04-12,3188.6256
000001,2019-04-15,3177.7866
000001,2019-04-16,3253.5978
000001,2019-04-17,3263.1179
000001,2019-04-18,3250.2012
000001,2019-04-19,3270.7973
000001,2019-04-22,3215.0426
000001,2019-04-23,3198.5938
000001,2019-04-24,3201.6137
000001,2019-04-25,3123.8261
000001,2019-04-26,3086.3989
000001,2019-04-29,3062.4985
000001,2019-04-30,3078.3389
000001,2019-05-06,2906.464
000001,2019-05-07,2926.3908
000001,2019-05-08,2893.7567
000001,2019-05-09,2850.9537
000001,2019-05-10,2939.2106
000001,2019-05-13,2903.7131
000001,2019-05-14,2883.6107
000001,2019-05-15,2938.6781
000001,2019-05-16,2955.711
000001,2019-05-17,2882.2962
000001,2019-05-20,2870.6046
000001,2019-05-21,2905.9688
000001,2019-05-22,2891.7046
000001,2019-05-23,2852.5153
000001,2019-05-24,2852.9948
000001,2019-05-27,2892.3782
000001,2019-05-28,2909.9106
000001,2019-05-29,2914.6964
000001,2019-05-30,2905.8054
000001,2019-05-31,2898.6961
000001,2019-06-03,2890.0809
000001,2019-06-04,2862.2803
000001,2019-06-05,2861.4181
000001,2019-06-06,2827.7978
000001,2019-06-10,2852.1302
000001,2019-06-11,2925.7162
000001,2019-06-12,2909.3796
000001,2019-06-13,2910.7406
000001,2019-06-14,2881.9743
000001,2019-06-17,2887.6221
000001,2019-06-18,2890.158
000001,2019-06-19,2917.8029
000001,2019-06-20,2987.1186
000001,2019-06-21,3001.9802
000001,2019-06-24,3008.1479
000001,2019-06-25,2982.0738
000001,2019-06-26,2976.2837
000001,2019-06-27,2996.7926
000001,2019-06-28,2978.8784
000001,2019-07-01,3044.9028
000001,2019-07-02,3043.9428
000001,2019-07-03,3015.2633
000001,2019-07-04,3005.2488
000001,2019-07-05,3011.0588
000001,2019-07-08,2933.3634
000001,2019-07-09,2928.2295
000001,2019-07-10,2915.3022
000001,2019-07-11,2917.7609
000001,2019-07-12,2930.5462
000001,2019-07-15,2942.1853
000001,2019-07-16,2937.6168
000001,2019-07-17,2931.6926
000001,2019-07-18,2901.1766
000001,2019-07-19,2924.2006
000001,2019-07-22,2886.974
000001,2019-07-23,2899.9446
000001,2019-07-24,2923.2775
000001,2019-07-25,2937.3601
000001,2019-07-26,2944.541
000001,2019-07-29,2941.007
000001,2019-07-30,2952.3383
000001,2019-07-31,2932.5058
000001,2019-08-01,2908.766
000001,2019-08-02,2867.8376
000001,2019-08-05,2821.4957
000001,2019-08-06,2777.5559
000001,2019-08-07,2768.6795
000001,2019-08-08,2794.5523
000001,2019-08-09,2774.7532
000001,2019-08-12,2814.9944
000001,2019-08-13,2797.2596
000001,2019-08-14,2808.9146
000001,2019-08-15,2815.7976
000001,2019-08-16,2823.8238
000001,2019-08-19,2883.096
000001,2019-08-20,2880.0012
000001,2019-08-21,2880.3307
000001,2019-08-22,2883.4358
000001,2019-08-23,2897.4253
000001,2019-08-26,2863.5673
000001,2019-08-27,2902.1932
000001,2019-08-28,2893.7564
000001,2019-08-29,2890.9192
000001,2019-08-30,2886.2365
000001,2019-09-02,2924.1063
000001,2019-09-03,2930.1538
000001,2019-09-04,2957.4116
000001,2019-09-05,2985.8648
000001,2019-09-06,2999.6013
000001,2019-09-09,3024.7388
000001,2019-09-10,3021.2024
000001,2019-09-11,3008.8118
000001,2019-09-12,3031.2351
000001,2019-09-16,3030.7544
000001,2019-09-17,2978.1178
000001,2019-09-18,2985.6586
000001,2019-09-19,2999.2789
000001,2019-09-20,3006.4467
000001,2019-09-23,2977.0767
000001,2019-09-24,2985.3406
000001,2019-09-25,2955.4325
000001,2019-09-26,2929.0875
000001,2019-09-27,2932.167
000001,2019-09-30,2905.1892
000001,2019-10-08,2913.5704
000001,2019-10-09,2924.8566
000001,2019-10-10,2947.7106
000001,2019-10-11,2973.6558
000001,2019-10-14,3007.8834
000001,2019-10-15,2991.0459
000001,2019-10-16,2978.7124
000001,2019-10-17,2977.3342
000001,2019-10-18,2938.1413
000001,2019-10-21,2939.6179
000001,2019-10-22,2954.3799
000001,2019-10-23,2941.6188
000001,2019-10-24,2940.9215
000001,2019-10-25,2954.9327
000001,2019-10-28,2980.0498
000001,2019-10-29,2954.176
000001,2019-10-30,2939.3209
000001,2019-10-31,2929.0561
000001,2019-11-01,2958.1992
000001,2019-11-04,2975.4919
000001,2019-11-05,2991.5622
000001,2019-11-06,2978.5955
000001,2019-11-07,2978.7144
000001,2019-11-08,2964.1849
000001,2019-11-11,2909.9746
000001,2019-11-12,2914.8232
000001,2019-11-13,2905.2409
000001,2019-11-14,2909.8697
000001,2019-11-15,2891.3431
000001,2019-11-18,2909.2002
000001,2019-11-19,2933.9908
000001,2019-11-20,2911.0534
000001,2019-11-21,2903.6379
000001,2019-11-22,2885.2884
000001,2019-11-25,2906.1688
000001,2019-11-26,2907.0602
000001,2019-11-27,2903.1947
000001,2019-11-28,2889.6934
000001,2019-11-29,2871.9813
000001,2019-12-02,2875.8072
000001,2019-12-03,2884.6988
000001,2019-12-04,2878.1157
000001,2019-12-05,2899.4685
000001,2019-12-06,2912.0136
000001,2019-12-09,2914.4775
000001,2019-12-10,2917.3157
000001,2019-12-11,2924.4173
000001,2019-12-12,2915.6983
000001,2019-12-13,2967.6764
000001,2019-12-16,2984.3925
000001,2019-12-17,3022.4219
000001,2019-12-18,3017.0444
000001,2019-12-19,3017.0658
000001,2019-12-20,3004.9376
000001,2019-12-23,2962.7513
000001,2019-12-24,2982.6806
000001,2019-12-25,2981.8805
000001,2019-12-26,3007.3546
000001,2019-12-27,3005.0355
000001,2019-12-30,3040.0239
000001,2019-12-31,3050.124
000001,2020-01-02,3085.1976
000001,2020-01-03,3083.7858
000001,2020-01-06,3083.4083
000001,2020-01-07,3104.8015
000001,2020-01-08,3066.8925
000001,2020-01-09,3094.8819
000001,2020-01-10,3092.2907
000001,2020-01-13,3115.5696
000001,2020-01-14,3106.8204
000001,2020-01-15,3090.0379
000001,2020-01-16,3074.0814
000001,2020-01-17,3075.4955
000001,2020-01-20,3095.7873
000001,2020-01-21,3052.1419
000001,2020-01-22,3060.7545
000001,2020-01-23,2976.5281
000001,2020-02-03,2746.6056
000001,2020-02-04,2783.2875
000001,2020-02-05,2818.0878
000001,2020-02-06,2866.5097
000001,2020-02-07,2875.9636
000001,2020-02-10,2890.4878
000001,2020-02-11,2901.6744
000001,2020-02-12,2926.8991
000001,2020-02-13,2906.0735
000001,2020-02-14,2917.0077
000001,2020-02-17,2983.6224
000001,2020-02-18,2984.9716
000001,2020-02-19,2975.4019
000001,2020-02-20,3030.1542
000001,2020-02-21,3039.6692
000001,2020-02-24,3031.2333
000001,2020-02-25,3013.0501
000001,2020-02-26,2987.9287
000001,2020-02-27,2991.3288
000001,2020-02-28,2880.3038
000001,2020-03-02,2970.9312
000001,2020-03-03,2992.8968
000001,2020-03-04,3011.6657
000001,2020-03-05,3071.6771
000001,2020-03-06,3034.5113
000001,2020-03-09,2943.2907
000001,2020-03-10,2996.7618
000001,2020-03-11,2968.5174
000001,2020-03-12,2923.4856
000001,2020-03-13,2887.4265
000001,2020-03-16,2789.2537
000001,2020-03-17,2779.6407
000001,2020-03-18,2728.7563
000001,2020-03-19,2702.1296
000001,2020-03-20,2745.6182
000001,2020-03-23,2660.1674
000001,2020-03-24,2722.4381
000001,2020-03-25,2781.5913
000001,2020-03-26,2764.9109
000001,2020-03-27,2772.2033
000001,2020-03-30,2747.2138
000001,2020-03-31,2750.2962
000001,2020-04-01,2734.5215
000001,2020-04-02,2780.6379
000001,2020-04-03,2763.9874
000001,2020-04-07,2820.7634
000001,2020-04-08,2815.3686
000001,2020-04-09,2825.9036
000001,2020-04-10,2796.6312
000001,2020-04-13,2783.0476
000001,2020-04-14,2827.283
000001,2020-04-15,2811.1741
000001,2020-04-16,2819.935
000001,2020-04-17,2838.4945
000001,2020-04-20,2852.5528
000001,2020-04-21,2827.0133
000001,2020-04-22,2843.9804
000001,2020-04-23,2838.4994
000001,2020-04-24,2808.5293
000001,2020-04-27,2815.4947
000001,2020-04-28,2810.0243
000001,2020-04-29,2822.4424
000001,2020-04-30,2860.0822
000001,2020-05-06,2878.1402
000001,2020-05-07,2871.5232
000001,2020-05-08,2895.3444
000001,2020-05-11,2894.802
000001,2020-05-12,2891.5564
000001,2020-05-13,2898.0495
000001,2020-05-14,2870.3422
000001,2020-05-15,2868.4587
000001,2020-05-18,2875.4176
000001,2020-05-19,2898.576
000001,2020-05-20,2883.7378
000001,2020-05-21,2867.9237
000001,2020-05-22,2813.7654
000001,2020-05-25,2817.9697
000001,2020-05-26,2846.5473
000001,2020-05-27,2836.8036
000001,2020-05-28,2846.2217
000001,2020-05-29,2852.3512
000001,2020-06-01,2915.4311
000001,2020-06-02,2921.398
000001,2020-06-03,2923.3711
000001,2020-06-04,2919.2506
000001,2020-06-05,2930.7993
000001,2020-06-08,2937.7712
000001,2020-06-09,2956.1116
000001,2020-06-10,2943.7525
000001,2020-06-11,2920.8968
000001,2020-06-12,2919.7408
000001,2020-06-15,2890.0306
000001,2020-06-16,2931.7493
000001,2020-06-17,2935.873
000001,2020-06-18,2939.3151
000001,2020-06-19,2967.6341
000001,2020-06-22,2965.2717
000001,2020-06-23,2970.6203
000001,2020-06-24,2979.5505
000001,2020-06-29,2961.5164
000001,2020-06-30,2984.6741
000001,2020-07-01,3025.981
000001,2020-07-02,3090.5693
000001,2020-07-03,3152.8126
000001,2020-07-06,3332.8807
000001,2020-07-07,3345.3369
000001,2020-07-08,3403.4401
000001,2020-07-09,3450.5935
000001,2020-07-10,3383.3222
000001,2020-07-13,3443.2863
000001,2020-07-14,3414.6186
000001,2020-07-15,3361.3044
000001,2020-07-16,3210.0986
000001,2020-07-17,3214.1287
000001,2020-07-20,3314.149
000001,2020-07-21,3320.8947
000001,2020-07-22,3333.1635
000001,2020-07-23,3325.1102
000001,2020-07-24,3196.7684
000001,2020-07-27,3205.2268
000001,2020-07-28,3227.9604
000001,2020-07-29,3294.5521
000001,2020-07-30,3286.822
000001,2020-07-31,3310.0065
000001,2020-08-03,3367.9658
000001,2020-08-04,3371.6875
000001,2020-08-05,3377.5648
000001,2020-08-06,3386.4631
000001,2020-08-07,3354.0352
000001,2020-08-10,3379.2524
000001,2020-08-11,3340.29
000001,2020-08-12,3319.2656
000001,2020-08-13,3320.7261
000001,2020-08-14,3360.0988
000001,2020-08-17,3438.801
000001,2020-08-18,3451.0894
000001,2020-08-19,3408.1288
000001,2020-08-20,3363.8988
000001,2020-08-21,3380.6825
000001,2020-08-24,3385.6383
000001,2020-08-25,3373.5781
000001,2020-08-26,3329.7388
000001,2020-08-27,3350.1128
000001,2020-08-28,3403.8066
000001,2020-08-31,3395.6775
000001,2020-09-01,3410.6068
000001,2020-09-02,3404.8017
000001,2020-09-03,3384.9806
000001,2020-09-04,3355.3666
000001,2020-09-07,3292.5907
000001,2020-09-08,3316.417
000001,2020-09-09,3254.6279
000001,2020-09-10,3234.8234
000001,2020-09-11,3260.3461
000001,2020-09-14,3278.8138
000001,2020-09-15,3295.6795
000001,2020-09-16,3283.9244
000001,2020-09-17,3270.435
000001,2020-09-18,3338.0897
000001,2020-09-21,3316.9351
000001,2020-09-22,3274.3015
000001,2020-09-23,3279.7105
000001,2020-09-24,3223.1764
000001,2020-09-25,3219.4179
000001,2020-09-28,3217.5346
000001,2020-09-29,3224.3593
000001,2020-09-30,3218.0521
000001,2020-10-09,3272.0762
000001,2020-10-12,3358.4652
000001,2020-10-13,3359.7499
000001,2020-10-14,3340.7782
000001,2020-10-15,3332.1832
000001,2020-10-16,3336.3582
000001,2020-10-19,3312.6671
000001,2020-10-20,3328.1029
000001,2020-10-21,3325.0247
000001,2020-10-22,3312.5005
000001,2020-10-23,3277.9972
000001,2020-10-26,3251.1188
000001,2020-10-27,3254.3157
000001,2020-10-28,3269.238
000001,2020-10-29,3272.7274
000001,2020-10-30,3224.5325
000001,2020-11-02,3225.1196
000001,2020-11-03,3271.0744
000001,2020-11-04,3277.4402
000001,2020-11-05,3320.1333
000001,2020-11-06,3312.159
000001,2020-11-09,3373.7337
000001,2020-11-10,3360.1485
000001,2020-11-11,3342.2025
000001,2020-11-12,3338.6788
000001,2020-11-13,3310.1046
000001,2020-11-16,3346.9692
000001,2020-11-17,3339.895
000001,2020-11-18,3347.3034
000001,2020-11-19,3363.0876
000001,2020-11-20,3377.7267
000001,2020-11-23,3414.4899
000001,2020-11-24,3402.8225
000001,2020-11-25,3362.3274
000001,2020-11-26,3369.7334
000001,2020-11-27,3408.3071
000001,2020-11-30,3391.7551
000001,2020-12-01,3451.9384
000001,2020-12-02,3449.3805
000001,2020-12-03,3442.1359
000001,2020-12-04,3444.5814
000001,2020-12-07,3416.6037
000001,2020-12-08,3410.1771
000001,2020-12-09,3371.964
000001,2020-12-10,3373.2758
000001,2020-12-11,3347.191
000001,2020-12-14,3369.1201
000001,2020-12-15,3367.2326
000001,2020-12-16,3366.9832
000001,2020-12-17,3404.8732
000001,2020-12-18,3394.896
000001,2020-12-21,3420.5693
000001,2020-12-22,3356.7822
000001,2020-12-23,3382.3195
000001,2020-12-24,3363.1133
000001,2020-12-25,3396.5626
000001,2020-12-28,3397.2854
000001,2020-12-29,3379.0362
000001,2020-12-30,3414.4527
000001,2020-12-31,3473.0693
000001,2021-01-04,3502.9584
000001,2021-01-05,3528.6767
000001,2021-01-06,3550.8767
000001,2021-01-07,3576.2046
000001,2021-01-08,3570.1082
000001,2021-01-11,3531.4978
000001,2021-01-12,3608.3389
000001,2021-01-13,3598.6518
000001,2021-01-14,3565.9046
000001,2021-01-15,3566.3778
000001,2021-01-18,3596.2237
000001,2021-01-19,3566.3814
000001,2021-01-20,3583.092
000001,2021-01-21,3621.2641
000001,2021-01-22,3606.7496
000001,2021-01-25,3624.2381
000001,2021-01-26,3569.429
000001,2021-01-27,3573.3412
000001,2021-01-28,3505.1759
000001,2021-01-29,3483.0692
000001,2021-02-01,3505.2836
000001,2021-02-02,3533.6849
000001,2021-02-03,3517.308
000001,2021-02-04,3501.8592
000001,2021-02-05,3496.3329
000001,2021-02-08,3532.4467
000001,2021-02-09,3603.489
000001,2021-02-10,3655.088
000001,2021-02-18,3675.3571
000001,2021-02-19,3696.168
000001,2021-02-22,3642.4449
000001,2021-02-23,3636.3573
000001,2021-02-24,3564.0799
000001,2021-02-25,3585.0458
000001,2021-02-26,3509.0804
000001,2021-03-01,3551.3998
000001,2021-03-02,3508.5912
000001,2021-03-03,3576.9045
000001,2021-03-04,3503.4916
000001,2021-03-05,3501.9867
000001,2021-03-08,3421.4141
000001,2021-03-09,3359.292
000001,2021-03-10,3357.7372
000001,2021-03-11,3436.8313
000001,2021-03-12,3453.0777
000001,2021-03-15,3419.9456
000001,2021-03-16,3446.7334
000001,2021-03-17,3445.5509
000001,2021-03-18,3463.0681
000001,2021-03-19,3404.6634
000001,2021-03-22,3443.4392
000001,2021-03-23,3411.5088
000001,2021-03-24,3367.0606
000001,2021-03-25,3363.5915
000001,2021-03-26,3418.3267
000001,2021-03-29,3435.2958
000001,2021-03-30,3456.6766
000001,2021-03-31,3441.9115
000001,2021-04-01,3466.3315
000001,2021-04-02,3484.3924
000001,2021-04-06,3482.9674
000001,2021-04-07,3479.6256
000001,2021-04-08,3482.5548
000001,2021-04-09,3450.6772
000001,2021-04-12,3412.9477
000001,2021-04-13,3396.47
000001,2021-04-14,3416.7212
000001,2021-04-15,3398.9875
000001,2021-04-16,3426.6178
000001,2021-04-19,3477.5485
000001,2021-04-20,3472.9427
000001,2021-04-21,3472.9298
000001,2021-04-22,3465.1138
000001,2021-04-23,3474.166
000001,2021-04-26,3441.1658
000001,2021-04-27,3442.6111
000001,2021-04-28,3457.0683
000001,2021-04-29,3474.9011
000001,2021-04-30,3446.8564
000001,2021-05-06,3441.2826
000001,2021-05-07,3418.8741
000001,2021-05-10,3427.9909
000001,2021-05-11,3441.8454
000001,2021-05-12,3462.7513
000001,2021-05-13,3429.5361
000001,2021-05-14,3490.3762
000001,2021-05-17,3517.6158
000001,2021-05-18,3529.0144
000001,2021-05-19,3510.9647
000001,2021-05-20,3506.9444
000001,2021-05-21,3486.5569
000001,2021-05-24,3497.2821
000001,2021-05-25,3581.3418
000001,2021-05-26,3593.357
000001,2021-05-27,3608.8507
000001,2021-05-28,3600.7844
000001,2021-05-31,3615.4773
000001,2021-06-01,3624.7138
000001,2021-06-02,3597.1379
000001,2021-06-03,3584.2121
000001,2021-06-04,3591.8447
000001,2021-06-07,3599.541
000001,2021-06-08,3580.1063
000001,2021-06-09,3591.3965
000001,2021-06-10,3610.859
000001,2021-06-11,3589.7481
000001,2021-06-15,3556.559
000001,2021-06-16,3518.3292
000001,2021-06-17,3525.6042
000001,2021-06-18,3525.0968
000001,2021-06-21,3529.1826
000001,2021-06-22,3557.412
000001,2021-06-23,3566.2199
000001,2021-06-24,3566.6539
000001,2021-06-25,3607.5618
000001,2021-06-28,3606.3722
000001,2021-06-29,3573.1779
000001,2021-06-30,3591.197
000001,2021-07-01,3588.7816
000001,2021-07-02,3518.7595
000001,2021-07-05,3534.3222
000001,2021-07-06,3530.2589
000001,2021-07-07,3553.7155
000001,2021-07-08,3525.5039
000001,2021-07-09,3524.0881
000001,2021-07-12,3547.8362
000001,2021-07-13,3566.5225
000001,2021-07-14,3528.5011
000001,2021-07-15,3564.5902
000001,2021-07-16,3539.3038
000001,2021-07-19,3539.1225
000001,2021-07-20,3536.7905
000001,2021-07-21,3562.6611
000001,2021-07-22,3574.7344
000001,2021-07-23,3550.3964
000001,2021-07-26,3467.4409
000001,2021-07-27,3381.1833
000001,2021-07-28,3361.5895
000001,2021-07-29,3411.724
000001,2021-07-30,3397.3574
000001,2021-08-02,3464.2854
000001,2021-08-03,3447.9914
000001,2021-08-04,3477.2186
000001,2021-08-05,3466.5491
000001,2021-08-06,3458.2277
000001,2021-08-09,3494.6348
000001,2021-08-10,3529.9309
000001,2021-08-11,3532.6213
000001,2021-08-12,3524.7374
000001,2021-08-13,3516.2989
000001,2021-08-16,3517.3447
000001,2021-08-17,3446.976
000001,2021-08-18,3485.2859
000001,2021-08-19,3465.5546
000001,2021-08-20,3427.3338
000001,2021-08-23,3477.1321
000001,2021-08-24,3514.471
000001,2021-08-25,3540.3837
000001,2021-08-26,3501.6643
000001,2021-08-27,3522.1567
000001,2021-08-30,3528.1512
000001,2021-08-31,3543.9402
000001,2021-09-01,3567.1008
000001,2021-09-02,3597.0426
000001,2021-09-03,3581.7344
000001,2021-09-06,3621.8593
000001,2021-09-07,3676.5866
000001,2021-09-08,3675.1865
000001,2021-09-09,3693.1296
000001,2021-09-10,3703.1103
000001,2021-09-13,3715.3723
000001,2021-09-14,3662.6015
000001,2021-09-15,3656.2232
000001,2021-09-16,3607.0922
000001,2021-09-17,3613.9663
000001,2021-09-22,3628.4897
000001,2021-09-23,3642.2204
000001,2021-09-24,3613.0673
000001,2021-09-27,3582.8307
000001,2021-09-28,3602.2184
000001,2021-09-29,3536.2944
000001,2021-09-30,3568.1668
000001,2021-10-08,3592.1666
000001,2021-10-11,3591.7087
000001,2021-10-12,3546.9362
000001,2021-10-13,3561.7623
000001,2021-10-14,3558.2795
000001,2021-10-15,3572.3662
000001,2021-10-18,3568.1379
000001,2021-10-19,3593.1533
000001,2021-10-20,3587.0009
000001,2021-10-21,3594.7831
000001,2021-10-22,3582.6036
000001,2021-10-25,3609.8626
000001,2021-10-26,3597.6377
000001,2021-10-27,3562.3052
000001,2021-10-28,3518.4166
000001,2021-10-29,3547.3361
000001,2021-11-01,3544.4795
000001,2021-11-02,3505.6283
000001,2021-11-03,3498.5368
000001,2021-11-04,3526.8657
000001,2021-11-05,3491.5677
000001,2021-11-08,3498.6308
000001,2021-11-09,3507.0018
000001,2021-11-10,3492.4616
000001,2021-11-11,3532.7858
000001,2021-11-12,3539.1002
000001,2021-11-15,3533.3026
000001,2021-11-16,3521.7867
000001,2021-11-17,3537.3662
000001,2021-11-18,3520.7106
000001,2021-11-19,3560.3734
000001,2021-11-22,3582.0797
000001,2021-11-23,3589.0894
000001,2021-11-24,3592.7025
000001,2021-11-25,3584.1788
000001,2021-11-26,3564.0894
000001,2021-11-29,3562.6968
000001,2021-11-30,3563.8872
000001,2021-12-01,3576.8853
000001,2021-12-02,3573.8358
000001,2021-12-03,3607.4322
000001,2021-12-06,3589.3061
000001,2021-12-07,3595.0882
000001,2021-12-08,3637.5675
000001,2021-12-09,3673.0412
000001,2021-12-10,3666.3479
000001,2021-12-13,3681.082
000001,2021-12-14,3661.5253
000001,2021-12-15,3647.6303
000001,2021-12-16,3675.016
000001,2021-12-17,3632.3638
000001,2021-12-20,3593.6019
000001,2021-12-21,3625.1251
000001,2021-12-22,3622.6178
000001,2021-12-23,3643.3391
000001,2021-12-24,3618.0535
000001,2021-12-27,3615.9741
000001,2021-12-28,3630.1115
000001,2021-12-29,3597.0002
000001,2021-12-30,3619.1886
000001,2021-12-31,3639.7754
