股票代码_Stkcd,日期_Date,收盘价_ClPr,月无风险收益率_Monrfret
708,2000/1/28,4.7,0.00165
708,2000/2/29,4.91,0.00165
708,2000/3/31,5.43,0.00165
708,2000/4/28,5.3,0.00165
708,2000/5/31,5.88,0.00165
708,2000/6/30,5.82,0.00165
708,2000/7/31,6.76,0.00165
708,2000/8/31,7.09,0.00165
708,2000/9/29,6.01,0.00165
708,2000/10/31,6.19,0.00165
708,2000/11/30,6.75,0.00165
708,2000/12/29,6.68,0.00165
708,2001/1/19,7.15,0.00165
708,2001/2/28,6.78,0.00165
708,2001/3/30,6.99,0.00165
708,2001/4/30,6.8,0.00165
708,2001/5/31,6.7,0.00165
708,2001/6/29,7.14,0.00165
708,2001/7/31,6.25,0.00165
708,2001/8/31,5.91,0.00165
708,2001/9/28,5.65,0.00165
708,2001/10/31,5.42,0.00165
708,2001/11/30,5.73,0.00165
708,2001/12/31,5.43,0.00165
708,2002/1/31,5.21,0.00165
708,2002/2/28,5.14,0.001586
708,2002/3/29,5.3,0.001425
708,2002/4/30,6.18,0.001425
708,2002/5/31,5.82,0.001425
708,2002/6/28,6.57,0.001425
708,2002/7/31,6.18,0.001425
708,2002/8/30,6,0.001656
708,2002/9/27,5.52,0.001852
708,2002/10/31,5.32,0.001892
708,2002/11/29,5.06,0.001892
708,2002/12/31,4.59,0.001892
708,2003/1/29,5.1,0.001892
708,2003/2/28,5.16,0.001892
708,2003/3/31,5.07,0.001892
708,2003/4/30,5.06,0.001886
708,2003/5/30,5.3,0.001823
708,2003/6/30,5.2,0.001891
708,2003/7/31,5.07,0.001945
708,2003/8/29,4.69,0.001964
708,2003/9/30,4.68,0.002225
708,2003/10/31,4.84,0.002246
708,2003/11/28,5.19,0.002251
708,2003/12/31,4.89,0.002046
708,2004/1/30,5.65,0.002046
708,2004/2/27,9.18,0.001888
708,2004/3/31,9.21,0.001682
708,2004/4/30,6.7,0.001776
708,2004/5/31,7.33,0.00202
708,2004/6/30,5.28,0.002354
708,2004/7/30,5.04,0.002402
708,2004/8/31,5.78,0.002377
708,2004/9/30,6.34,0.002008
708,2004/10/29,5.38,0.00209
708,2004/11/30,6.21,0.002086
708,2004/12/31,5.31,0.002035
708,2005/1/31,4.22,0.002085
708,2005/2/28,5.17,0.00196
708,2005/3/31,3.97,0.001454
708,2005/4/29,3.24,0.000954
708,2005/5/31,3.21,0.000967
708,2005/6/30,2.94,0.00094
708,2005/7/29,2.72,0.000952
708,2005/8/31,3.58,0.000895
708,2005/9/30,3.15,0.00093
708,2005/10/28,3.32,0.000969
708,2005/11/30,3.32,0.001173
708,2005/12/29,3.72,0.001507
708,2006/1/25,3.72,0.001507
708,2006/2/28,3.76,0.001466
708,2006/3/31,3.71,0.001453
708,2006/4/28,4.2,0.001548
708,2006/5/31,5.64,0.001672
708,2006/6/30,5.36,0.001811
708,2006/7/31,5.64,0.001981
708,2006/8/31,5.61,0.002051
708,2006/9/29,5.39,0.002067
708,2006/10/31,5.66,0.002167
708,2006/11/30,5.68,0.002289
708,2006/12/29,5.9,0.00234
708,2007/1/31,7.83,0.00234
708,2007/2/28,9.35,0.002374
708,2007/3/30,11.37,0.002364
708,2007/4/30,13.39,0.002427
708,2007/5/31,14.9,0.002487
708,2007/6/29,11.81,0.002551
708,2007/7/31,14.74,0.00262
708,2007/8/31,19,0.002682
708,2007/9/28,18.89,0.002934
708,2007/10/31,16.13,0.00325
708,2007/11/30,13.39,0.003545
708,2007/12/27,16.14,0.003643
708,2008/1/31,13.65,0.003731
708,2008/2/29,14.46,0.003753
708,2008/3/31,11.2,0.003751
708,2008/4/30,10.95,0.003745
708,2008/5/30,10.16,0.003743
708,2008/6/30,7.2,0.003732
708,2008/7/31,8.12,0.003682
708,2008/8/29,6.9,0.003604
708,2008/9/26,6.21,0.003591
708,2008/10/31,3.75,0.003522
708,2008/11/28,4.89,0.003063
708,2008/12/31,4.49,0.001908
708,2009/1/23,5.43,0.001256
708,2009/2/27,5.79,0.001088
708,2009/3/31,6.61,0.001041
708,2009/4/30,7.12,0.001013
708,2009/5/27,7.23,0.00101
708,2009/6/30,7.84,0.001043
708,2009/7/31,10.19,0.001227
708,2009/8/31,8.03,0.001435
708,2009/9/30,8.7,0.001459
708,2009/10/30,9.66,0.001481
708,2009/11/30,12.38,0.001499
708,2009/12/31,12.16,0.001516
708,2010/1/29,12.58,0.001553
708,2010/2/26,12.53,0.001604
708,2010/3/31,12.82,0.001619
708,2010/4/30,14.02,0.001616
708,2010/5/31,11.67,0.001646
708,2010/6/30,10.31,0.002004
708,2010/7/30,12.35,0.002134
708,2010/8/31,13.78,0.002055
708,2010/9/30,13.56,0.00213
708,2010/10/29,16,0.002246
708,2010/11/30,15.2,0.002446
708,2010/12/31,15.36,0.00323
708,2011/1/31,16.71,0.00393
708,2011/2/28,18.2,0.00432
708,2011/3/31,17.39,0.003581
708,2011/4/29,17.16,0.003592
708,2011/5/31,16.08,0.003795
708,2011/6/30,15.31,0.004514
708,2011/7/29,15.03,0.005108
708,2011/8/31,13.56,0.004642
708,2011/9/30,12.65,0.004687
708,2011/10/31,12,0.0047
708,2011/11/30,11.25,0.004731
708,2011/12/30,9.72,0.004565
708,2012/1/31,10,0.004565
708,2012/2/29,11.52,0.004446
708,2012/3/30,10.57,0.004208
708,2012/4/27,10.6,0.004006
708,2012/5/31,10.36,0.003739
708,2012/6/29,9.12,0.003415
708,2012/7/31,8.4,0.003225
708,2012/8/31,7.93,0.003031
708,2012/9/28,8.01,0.003047
708,2012/10/31,7.11,0.003083
708,2012/11/30,6.19,0.00314
708,2012/12/31,7.39,0.00322
708,2013/1/31,7.61,0.003246
708,2013/2/28,7.55,0.00324
708,2013/3/29,6.66,0.003236
708,2013/4/26,6.44,0.003235
708,2013/5/31,6.74,0.003235
708,2013/6/28,5.34,0.004241
708,2013/7/31,5.25,0.003972
708,2013/8/30,6.05,0.00388
708,2013/9/30,5.93,0.003884
708,2013/10/31,5.87,0.003897
708,2013/11/29,6.47,0.00392
708,2013/12/31,5.75,0.004417
708,2014/1/30,5.39,0.004654
708,2014/2/28,5.82,0.004657
708,2014/3/31,5.98,0.004587
708,2014/4/30,5.51,0.004582
708,2014/5/30,5.77,0.004369
708,2014/6/30,6.13,0.003998
708,2014/7/31,6.71,0.003955
708,2014/8/29,7.5,0.003905
708,2014/9/30,9.66,0.003849
708,2014/10/31,9.55,0.003758
708,2014/11/28,10.5,0.003559
708,2014/12/31,9.87,0.003884
708,2015/1/30,10.3,0.004126
708,2015/2/27,10.42,0.004087
708,2015/3/31,12.53,0.004083
708,2015/4/30,14.55,0.003838
708,2015/5/12,14.12,0.002815
708,2015/6/30,14.12,0.002524
708,2015/7/31,14.12,0.002644
708,2015/8/31,14.12,0.002592
708,2015/9/30,14.12,0.002602
708,2015/10/30,10.84,0.002618
708,2015/11/30,11.13,0.002534
708,2015/12/31,12.21,0.002549
708,2016/1/29,9.35,0.002544
708,2016/2/29,10.35,0.002504
708,2016/3/31,10.8,0.002341
708,2016/4/29,12.41,0.002381
708,2016/5/31,10.89,0.00243
708,2016/6/30,11.2,0.002461
708,2016/7/29,12.24,0.002413
708,2016/8/31,12.39,0.002338
708,2016/9/30,11.94,0.002327
708,2016/10/31,12.25,0.002339
708,2016/11/30,12.62,0.002433
708,2016/12/30,12.74,0.002643
708,2017/1/26,13.55,0.003047
708,2017/2/28,13.77,0.003466
708,2017/3/31,13,0.003623
708,2017/4/28,11.95,0.003579
708,2017/5/31,11.08,0.003699
708,2017/6/30,11.6,0.003895
708,2017/7/31,13.03,0.003596
708,2017/8/31,13.37,0.003602
708,2017/9/29,13.73,0.00365
708,2017/10/31,12.35,0.003641
708,2017/11/30,12.28,0.003798
708,2017/12/29,11.43,0.00403
708,2018/1/31,11.6,0.003924
708,2018/2/28,11.25,0.003924
708,2018/3/30,10.26,0.003899
708,2018/4/27,10.06,0.003464
708,2018/5/31,9.92,0.003425
708,2018/6/29,9.13,0.003597
708,2018/7/31,9.22,0.003002
708,2018/8/31,9.75,0.002402
708,2018/9/28,10.05,0.002368
708,2018/10/31,9.23,0.002386
708,2018/11/30,9.1,0.002526
708,2018/12/24,8.77,0.002664
708,2019/1/31,9.47,0.002511
708,2019/2/28,11.23,0.002357
708,2019/3/29,12.47,0.002325
708,2019/4/30,13.03,0.002339
708,2019/5/31,12.53,0.002423
708,2019/6/28,12.7,0.002404
708,2019/7/31,13.06,0.002185
708,2019/8/30,14.45,0.002218
708,2019/9/30,16.02,0.002261
708,2019/10/31,19.7,0.002304
708,2019/11/29,23.17,0.00249
708,2019/12/31,22.93,0.002524
708,2020/1/23,21.38,0.002403
708,2020/2/28,27.28,0.002178
708,2020/3/31,25.11,0.001796
708,2020/4/30,16,0.001279
708,2020/5/29,15.87,0.001172
708,2020/6/30,17.09,0.001589
708,2020/7/31,19.44,0.001932
708,2020/8/31,18.07,0.002171
708,2020/9/30,16.52,0.002231
708,2020/10/30,16.12,0.002332
708,2020/11/30,20.98,0.002524
708,2020/12/31,21.79,0.002439
708,2021/1/29,27.9,0.002205
708,2021/2/26,28.13,0.002342
708,2021/3/31,26.4,0.002261
708,2021/4/30,25.88,0.002173
708,2021/5/31,23.7,0.002102
708,2021/6/30,20.84,0.00204
708,2021/7/30,21.99,0.002015
708,2021/8/31,25.48,0.001969
708,2021/9/30,20.5,0.00198
708,2021/10/29,19.05,0.002027
708,2021/11/30,20.4,0.002055
708,2021/12/31,20.48,0.002079
752,2000/1/28,24.05,0.00165
752,2000/2/29,26.14,0.00165
752,2000/3/31,26.54,0.00165
752,2000/4/28,25.42,0.00165
752,2000/5/31,21.87,0.00165
752,2000/6/30,17.08,0.00165
752,2000/7/31,18.58,0.00165
752,2000/8/31,15.51,0.00165
752,2000/9/29,14.15,0.00165
752,2000/10/31,13.41,0.00165
752,2000/11/30,15.17,0.00165
752,2000/12/29,15.99,0.00165
752,2001/1/19,15.51,0.00165
752,2001/2/28,15.02,0.00165
752,2001/3/30,16.36,0.00165
752,2001/4/30,20.16,0.00165
752,2001/5/31,22.04,0.00165
752,2001/6/29,22.91,0.00165
752,2001/7/31,21.95,0.00165
752,2001/8/31,20.24,0.00165
752,2001/9/28,18.64,0.00165
752,2001/10/31,19.24,0.00165
752,2001/11/30,19.59,0.00165
752,2001/12/31,18.78,0.00165
752,2002/1/31,12.95,0.00165
752,2002/2/28,13.36,0.001586
752,2002/3/29,16.31,0.001425
752,2002/4/30,15.89,0.001425
752,2002/5/31,14.58,0.001425
752,2002/6/28,16.39,0.001425
752,2002/7/31,16.36,0.001425
752,2002/8/30,17.33,0.001656
752,2002/9/27,16.67,0.001852
752,2002/10/31,15.39,0.001892
752,2002/11/29,14.86,0.001892
752,2002/12/31,14.93,0.001892
752,2003/1/29,15.04,0.001892
752,2003/2/28,15.33,0.001892
752,2003/3/31,13.51,0.001892
752,2003/4/30,13.58,0.001886
752,2003/5/30,13.25,0.001823
752,2003/6/27,12.93,0.001891
752,2003/7/31,12.14,0.001945
752,2003/8/29,12.59,0.001964
752,2003/9/30,10.96,0.002225
752,2003/10/31,10.71,0.002246
752,2003/11/28,10.43,0.002251
752,2003/12/31,10.48,0.002046
752,2004/1/30,10.64,0.002046
752,2004/2/27,10.79,0.001888
752,2004/3/31,10.3,0.001682
752,2004/4/30,8.66,0.001776
752,2004/5/31,7.81,0.00202
752,2004/6/30,7.97,0.002354
752,2004/7/30,6.77,0.002402
752,2004/8/31,6.95,0.002377
752,2004/9/30,7.09,0.002008
752,2004/10/29,5.84,0.00209
752,2004/11/30,6.62,0.002086
752,2004/12/31,6,0.002035
752,2005/1/31,5.46,0.002085
752,2005/2/28,5.88,0.00196
752,2005/3/31,5.12,0.001454
752,2005/4/29,4.66,0.000954
752,2005/5/31,4.03,0.000967
752,2005/6/29,3.99,0.00094
752,2005/7/29,3.44,0.000952
752,2005/8/31,4.03,0.000895
752,2005/9/30,4.32,0.00093
752,2005/10/31,3.83,0.000969
752,2005/11/30,4.07,0.001173
752,2005/12/30,4.52,0.001507
752,2006/1/25,4.86,0.001507
752,2006/2/28,4.82,0.001466
752,2006/3/31,4.79,0.001453
752,2006/4/28,5.39,0.001548
752,2006/5/31,7.02,0.001672
752,2006/6/29,8.76,0.001811
752,2006/7/31,7.05,0.001981
752,2006/8/10,6.71,0.002051
752,2006/9/29,6.81,0.002067
752,2006/10/31,6.33,0.002167
752,2006/11/30,4.22,0.002289
752,2006/12/29,5.15,0.00234
752,2007/1/31,6.05,0.00234
752,2007/2/28,6.62,0.002374
752,2007/3/30,8.16,0.002364
752,2007/4/30,9.53,0.002427
752,2007/5/31,8.9,0.002487
752,2007/6/28,7.79,0.002551
752,2007/7/31,9.27,0.00262
752,2007/8/31,8.6,0.002682
752,2007/9/28,9.05,0.002934
752,2007/10/31,7.44,0.00325
752,2007/11/30,7.05,0.003545
752,2007/12/28,8.38,0.003643
752,2008/1/31,9.19,0.003731
752,2008/2/29,10.86,0.003753
752,2008/3/31,8.03,0.003751
752,2008/4/30,7.12,0.003745
752,2008/5/30,7.08,0.003743
752,2008/6/30,5.37,0.003732
752,2008/7/31,5.78,0.003682
752,2008/8/29,4.8,0.003604
752,2008/9/26,3.71,0.003591
752,2008/10/31,2.88,0.003522
752,2008/11/28,3.56,0.003063
752,2008/12/31,3.35,0.001908
752,2009/1/23,3.88,0.001256
752,2009/2/27,4.73,0.001088
752,2009/3/31,5.83,0.001041
752,2009/4/30,5.94,0.001013
752,2009/5/27,6.35,0.00101
752,2009/6/30,8.77,0.001043
752,2009/7/31,8.89,0.001227
752,2009/8/31,6.66,0.001435
752,2009/9/30,7.66,0.001459
752,2009/10/30,8.2,0.001481
752,2009/11/30,9.23,0.001499
752,2009/12/31,9.01,0.001516
752,2010/1/29,10.18,0.001553
752,2010/2/26,14.29,0.001604
752,2010/3/31,12.54,0.001619
752,2010/4/30,12.2,0.001616
752,2010/5/31,10.86,0.001646
752,2010/6/30,9.44,0.002004
752,2010/7/30,10.66,0.002134
752,2010/8/31,11.57,0.002055
752,2010/9/30,11.72,0.00213
752,2010/10/29,12.3,0.002246
752,2010/11/30,11.88,0.002446
752,2010/12/31,11.47,0.00323
752,2011/1/31,9.21,0.00393
752,2011/2/28,12.9,0.00432
752,2011/3/28,28.38,0.003581
752,2011/4/29,23.32,0.003592
752,2011/5/31,28.37,0.003795
752,2011/6/30,33.31,0.004514
752,2011/7/25,33.93,0.005108
752,2011/8/29,34.55,0.004642
752,2011/9/30,20.43,0.004687
752,2011/10/31,20.14,0.0047
752,2011/11/30,16.6,0.004731
752,2011/12/30,12.96,0.004565
752,2012/1/31,16.15,0.004565
752,2012/2/29,18.8,0.004446
752,2012/3/30,18.96,0.004208
752,2012/4/27,21.39,0.004006
752,2012/5/31,20.61,0.003739
752,2012/6/29,17.41,0.003415
752,2012/7/31,14.12,0.003225
752,2012/8/31,13.84,0.003031
752,2012/9/28,14.02,0.003047
752,2012/10/31,13.67,0.003083
752,2012/11/30,10.78,0.00314
752,2012/12/31,13.16,0.00322
752,2013/1/31,12.94,0.003246
752,2013/2/28,12.02,0.00324
752,2013/3/29,10.77,0.003236
752,2013/4/26,12.5,0.003235
752,2013/5/31,13,0.003235
752,2013/6/28,10.58,0.004241
752,2013/7/31,11.85,0.003972
752,2013/8/30,12.32,0.00388
752,2013/9/30,11.8,0.003884
752,2013/10/31,11.01,0.003897
752,2013/11/29,11.13,0.00392
752,2013/12/31,10.65,0.004417
752,2014/1/30,10.12,0.004654
752,2014/2/28,10.2,0.004657
752,2014/3/31,10.09,0.004587
752,2014/4/30,9.87,0.004582
752,2014/5/30,9.88,0.004369
752,2014/6/30,9.91,0.003998
752,2014/7/31,10.75,0.003955
752,2014/8/29,10.53,0.003905
752,2014/9/30,12.86,0.003849
752,2014/10/31,13.76,0.003758
752,2014/11/28,14.41,0.003559
752,2014/12/31,13.88,0.003884
752,2015/1/30,15.24,0.004126
752,2015/2/27,14.8,0.004087
752,2015/3/31,17.64,0.004083
752,2015/4/30,18.3,0.003838
752,2015/5/29,23.11,0.002815
752,2015/6/30,19.45,0.002524
752,2015/7/31,17.04,0.002644
752,2015/8/31,14.28,0.002592
752,2015/9/30,11.84,0.002602
752,2015/10/30,15.81,0.002618
752,2015/11/30,16.69,0.002534
752,2015/12/31,18.75,0.002549
752,2016/1/29,12.72,0.002544
752,2016/2/29,12.34,0.002504
752,2016/3/2,13.86,0.002341
752,2016/4/29,13.86,0.002381
752,2016/5/31,13.86,0.00243
752,2016/6/30,15.82,0.002461
752,2016/7/29,15.4,0.002413
752,2016/8/31,15.79,0.002338
752,2016/9/30,18.63,0.002327
752,2016/10/31,17.69,0.002339
752,2016/11/30,18.1,0.002433
752,2016/12/30,16.56,0.002643
752,2017/1/26,16.31,0.003047
752,2017/2/28,16,0.003466
752,2017/3/31,16.21,0.003623
752,2017/4/28,14.38,0.003579
752,2017/5/31,11.86,0.003699
752,2017/6/30,12.48,0.003895
752,2017/7/31,13.75,0.003596
752,2017/8/31,13.71,0.003602
752,2017/9/29,14.44,0.00365
752,2017/10/31,13.87,0.003641
752,2017/11/30,13.15,0.003798
752,2017/12/29,13.74,0.00403
752,2018/1/31,12.76,0.003924
752,2018/2/28,13.28,0.003924
752,2018/3/30,14.1,0.003899
752,2018/4/27,13.75,0.003464
752,2018/5/31,14.02,0.003425
752,2018/6/29,7.81,0.003597
752,2018/7/31,8.7,0.003002
752,2018/8/31,7,0.002402
752,2018/9/28,8.14,0.002368
752,2018/10/31,7.29,0.002386
752,2018/11/30,7.28,0.002526
752,2018/12/28,7.05,0.002664
752,2019/1/31,5.96,0.002511
752,2019/2/28,7.57,0.002357
752,2019/3/29,8.11,0.002325
752,2019/4/29,6.62,0.002339
752,2019/5/31,4.44,0.002423
752,2019/6/28,4.38,0.002404
752,2019/7/31,3.97,0.002185
752,2019/8/30,3.94,0.002218
752,2019/9/30,3.97,0.002261
752,2019/10/31,3.87,0.002304
752,2019/11/29,3.66,0.00249
752,2019/12/31,4.55,0.002524
752,2020/1/23,4.63,0.002403
752,2020/2/28,4.26,0.002178
752,2020/3/31,4.11,0.001796
752,2020/4/30,3.85,0.001279
752,2020/5/29,3.7,0.001172
752,2020/6/30,4.04,0.001589
752,2020/7/31,3.89,0.001932
752,2020/8/31,3.94,0.002171
752,2020/9/30,3.53,0.002231
752,2020/10/30,3.32,0.002332
752,2020/11/30,3.48,0.002524
752,2020/12/31,3.82,0.002439
752,2021/1/29,3.91,0.002205
752,2021/2/26,3.9,0.002342
752,2021/3/31,4.36,0.002261
752,2021/4/30,4.05,0.002173
752,2021/5/31,4.25,0.002102
752,2021/6/30,7.26,0.00204
752,2021/7/30,5.47,0.002015
752,2021/8/31,5.84,0.001969
752,2021/9/30,5.32,0.00198
752,2021/10/29,5.92,0.002027
752,2021/11/30,5.63,0.002055
752,2021/12/31,5.21,0.002079
831,2000/1/28,8.07,0.00165
831,2000/2/29,8.01,0.00165
831,2000/3/31,9.17,0.00165
831,2000/4/28,8.9,0.00165
831,2000/5/31,8.98,0.00165
831,2000/6/30,9.52,0.00165
831,2000/7/31,10.41,0.00165
831,2000/8/31,9.14,0.00165
831,2000/9/29,8.15,0.00165
831,2000/10/31,8.74,0.00165
831,2000/11/30,9.36,0.00165
831,2000/12/29,9.78,0.00165
831,2001/1/19,10.55,0.00165
831,2001/2/28,11.48,0.00165
831,2001/3/30,14.48,0.00165
831,2001/4/30,13.81,0.00165
831,2001/5/31,10.44,0.00165
831,2001/6/29,9.85,0.00165
831,2001/7/31,9.27,0.00165
831,2001/8/31,8.94,0.00165
831,2001/9/28,8,0.00165
831,2001/10/31,8.1,0.00165
831,2001/11/30,7.99,0.00165
831,2001/12/31,7.55,0.00165
831,2002/1/31,7.5,0.00165
831,2002/2/28,7.66,0.001586
831,2002/3/29,7.59,0.001425
831,2002/4/30,7.64,0.001425
831,2002/5/31,6.61,0.001425
831,2002/6/28,7.55,0.001425
831,2002/7/31,7.37,0.001425
831,2002/8/30,7.17,0.001656
831,2002/9/27,6.59,0.001852
831,2002/10/31,6.44,0.001892
831,2002/11/29,5.86,0.001892
831,2002/12/31,5.56,0.001892
831,2003/1/29,5.96,0.001892
831,2003/2/28,6.21,0.001892
831,2003/3/31,6.38,0.001892
831,2003/4/30,6.19,0.001886
831,2003/5/30,6.41,0.001823
831,2003/6/30,6.16,0.001891
831,2003/7/31,5.88,0.001945
831,2003/8/29,5.37,0.001964
831,2003/9/30,5.04,0.002225
831,2003/10/31,5.39,0.002246
831,2003/11/28,5.82,0.002251
831,2003/12/31,6.66,0.002046
831,2004/1/30,6.65,0.002046
831,2004/2/27,6.89,0.001888
831,2004/3/31,7.85,0.001682
831,2004/4/30,6.14,0.001776
831,2004/5/31,6.11,0.00202
831,2004/6/30,4.82,0.002354
831,2004/7/30,4.82,0.002402
831,2004/8/31,4.81,0.002377
831,2004/9/30,4.75,0.002008
831,2004/10/29,4.29,0.00209
831,2004/11/30,4.3,0.002086
831,2004/12/31,3.76,0.002035
831,2005/1/31,3.48,0.002085
831,2005/2/28,4.03,0.00196
831,2005/3/31,3.31,0.001454
831,2005/4/29,3.03,0.000954
831,2005/5/31,2.94,0.000967
831,2005/6/30,2.73,0.00094
831,2005/7/29,2.42,0.000952
831,2005/8/31,2.71,0.000895
831,2005/9/30,2.8,0.00093
831,2005/10/31,2.45,0.000969
831,2005/11/30,2.56,0.001173
831,2005/12/30,2.84,0.001507
831,2006/1/25,3.8,0.001507
831,2006/2/28,3.86,0.001466
831,2006/3/24,4.87,0.001453
831,2006/4/28,4.67,0.001548
831,2006/5/31,5.66,0.001672
831,2006/6/30,5.23,0.001811
831,2006/7/31,5.18,0.001981
831,2006/8/31,5.4,0.002051
831,2006/9/29,5.09,0.002067
831,2006/10/31,5.72,0.002167
831,2006/11/30,6.15,0.002289
831,2006/12/28,5.82,0.00234
831,2007/1/31,6.89,0.00234
831,2007/2/28,9.58,0.002374
831,2007/3/30,9.93,0.002364
831,2007/4/30,14.32,0.002427
831,2007/5/31,13.7,0.002487
831,2007/6/29,16.19,0.002551
831,2007/7/31,20,0.00262
831,2007/8/31,31.96,0.002682
831,2007/9/28,37.16,0.002934
831,2007/10/31,40.5,0.00325
831,2007/11/30,27.1,0.003545
831,2007/12/28,30.26,0.003643
831,2008/1/31,31.6,0.003731
831,2008/2/29,34.95,0.003753
831,2008/3/31,19.85,0.003751
831,2008/4/30,18.7,0.003745
831,2008/5/30,9.43,0.003743
831,2008/6/30,7.1,0.003732
831,2008/7/31,7.58,0.003682
831,2008/8/29,5.16,0.003604
831,2008/9/26,4.23,0.003591
831,2008/10/31,3.07,0.003522
831,2008/11/28,3.88,0.003063
831,2008/12/31,3.99,0.001908
831,2009/1/23,4.46,0.001256
831,2009/2/27,5.19,0.001088
831,2009/3/31,6.42,0.001041
831,2009/4/30,6.39,0.001013
831,2009/5/27,7.39,0.00101
831,2009/6/30,7.94,0.001043
831,2009/7/31,12.3,0.001227
831,2009/8/31,8.45,0.001435
831,2009/9/30,8.45,0.001459
831,2009/10/30,9.03,0.001481
831,2009/11/30,9.89,0.001499
831,2009/12/31,9.62,0.001516
831,2010/1/29,8.04,0.001553
831,2010/2/26,8.12,0.001604
831,2010/3/31,8.56,0.001619
831,2010/4/30,5.95,0.001616
831,2010/5/31,4.98,0.001646
831,2010/6/30,4.2,0.002004
831,2010/7/30,5.1,0.002134
831,2010/8/31,5.45,0.002055
831,2010/9/30,6.91,0.00213
831,2010/10/29,7.12,0.002246
831,2010/11/30,7.05,0.002446
831,2010/12/31,7.37,0.00323
831,2011/1/31,6.28,0.00393
831,2011/2/28,8,0.00432
831,2011/3/17,9.15,0.003581
831,2011/4/29,9.15,0.003592
831,2011/5/31,9.15,0.003795
831,2011/6/30,9.15,0.004514
831,2011/7/29,9.15,0.005108
831,2011/8/31,9.15,0.004642
831,2011/9/30,9.15,0.004687
831,2011/10/31,9.15,0.0047
831,2011/11/30,9.15,0.004731
831,2011/12/30,9.15,0.004565
831,2012/1/31,9.15,0.004565
831,2012/2/29,9.15,0.004446
831,2012/3/30,9.15,0.004208
831,2012/4/27,9.15,0.004006
831,2012/5/31,9.15,0.003739
831,2012/6/29,9.15,0.003415
831,2012/7/31,9.15,0.003225
831,2012/8/31,9.15,0.003031
831,2012/9/28,9.15,0.003047
831,2012/10/31,9.15,0.003083
831,2012/11/30,9.15,0.00314
831,2012/12/31,9.15,0.00322
831,2013/1/31,9.15,0.003246
831,2013/2/28,22.52,0.00324
831,2013/3/29,23.7,0.003236
831,2013/4/26,21.38,0.003235
831,2013/5/31,19.78,0.003235
831,2013/6/28,14.88,0.004241
831,2013/7/31,22.7,0.003972
831,2013/8/30,26.09,0.00388
831,2013/9/30,25.99,0.003884
831,2013/10/30,23.96,0.003897
831,2013/11/29,24.48,0.00392
831,2013/12/31,22.05,0.004417
831,2014/1/30,19.83,0.004654
831,2014/2/28,20.11,0.004657
831,2014/3/31,17,0.004587
831,2014/4/30,18.26,0.004582
831,2014/5/30,20.68,0.004369
831,2014/6/30,20.98,0.003998
831,2014/7/31,25.95,0.003955
831,2014/8/29,23.7,0.003905
831,2014/9/30,23.84,0.003849
831,2014/10/31,24.61,0.003758
831,2014/11/28,24.3,0.003559
831,2014/12/31,29.99,0.003884
831,2015/1/30,36,0.004126
831,2015/2/27,33.77,0.004087
831,2015/3/31,33.09,0.004083
831,2015/4/30,36.38,0.003838
831,2015/5/29,35.37,0.002815
831,2015/6/30,25.58,0.002524
831,2015/7/31,17.65,0.002644
831,2015/8/31,16.75,0.002592
831,2015/9/30,14.56,0.002602
831,2015/10/30,17.5,0.002618
831,2015/11/30,20.3,0.002534
831,2015/12/31,20.7,0.002549
831,2016/1/29,14.75,0.002544
831,2016/2/29,15.82,0.002504
831,2016/3/31,17.53,0.002341
831,2016/4/29,14.44,0.002381
831,2016/5/31,16.02,0.00243
831,2016/6/30,13.18,0.002461
831,2016/7/29,11.81,0.002413
831,2016/8/31,11.93,0.002338
831,2016/9/30,11.25,0.002327
831,2016/10/31,11.82,0.002339
831,2016/11/30,11.85,0.002433
831,2016/12/30,12.14,0.002643
831,2017/1/26,11.97,0.003047
831,2017/2/28,12.61,0.003466
831,2017/3/31,13.16,0.003623
831,2017/4/28,12.14,0.003579
831,2017/5/31,10.73,0.003699
831,2017/6/30,10.99,0.003895
831,2017/7/31,17.18,0.003596
831,2017/8/31,15.07,0.003602
831,2017/9/29,14.79,0.00365
831,2017/10/31,13.07,0.003641
831,2017/11/30,12.28,0.003798
831,2017/12/29,12.38,0.00403
831,2018/1/31,11.41,0.003924
831,2018/2/28,10.72,0.003924
831,2018/3/30,11.77,0.003899
831,2018/4/27,11.53,0.003464
831,2018/5/31,10.77,0.003425
831,2018/6/29,11.64,0.003597
831,2018/7/31,10.73,0.003002
831,2018/8/31,9.74,0.002402
831,2018/9/28,9.7,0.002368
831,2018/10/31,9.87,0.002386
831,2018/11/30,9.23,0.002526
831,2018/12/28,8.37,0.002664
831,2019/1/31,8.38,0.002511
831,2019/2/28,9.9,0.002357
831,2019/3/29,13.14,0.002325
831,2019/4/30,11.11,0.002339
831,2019/5/31,16.4,0.002423
831,2019/6/28,16.23,0.002404
831,2019/7/31,13,0.002185
831,2019/8/30,14.68,0.002218
831,2019/9/30,13.01,0.002261
831,2019/10/31,11.12,0.002304
831,2019/11/29,11.51,0.00249
831,2019/12/31,12.96,0.002524
831,2020/1/23,11.43,0.002403
831,2020/2/28,10.29,0.002178
831,2020/3/31,9.99,0.001796
831,2020/4/30,10.02,0.001279
831,2020/5/29,12.68,0.001172
831,2020/6/30,11.42,0.001589
831,2020/7/31,14.88,0.001932
831,2020/8/31,14.28,0.002171
831,2020/9/30,12.49,0.002231
831,2020/10/30,11.83,0.002332
831,2020/11/30,14.57,0.002524
831,2020/12/31,13.63,0.002439
831,2021/1/29,18.74,0.002205
831,2021/2/26,18.3,0.002342
831,2021/3/31,17.94,0.002261
831,2021/4/30,17.04,0.002173
831,2021/5/31,18.31,0.002102
831,2021/6/30,19.3,0.00204
831,2021/7/30,37.63,0.002015
831,2021/8/31,57.2,0.001969
831,2021/9/30,39.9,0.00198
831,2021/10/29,37.83,0.002027
831,2021/11/30,44.54,0.002055
831,2021/12/31,39.02,0.002079
926,2000/1/28,17.73,0.00165
926,2000/2/29,15.79,0.00165
926,2000/3/31,16.01,0.00165
926,2000/4/28,15.59,0.00165
926,2000/5/31,18.47,0.00165
926,2000/6/30,18.21,0.00165
926,2000/7/31,20.28,0.00165
926,2000/8/31,18.3,0.00165
926,2000/9/29,17.57,0.00165
926,2000/10/31,20.08,0.00165
926,2000/11/30,15.81,0.00165
926,2000/12/29,16.42,0.00165
926,2001/1/19,16.48,0.00165
926,2001/2/28,15.08,0.00165
926,2001/3/30,16.16,0.00165
926,2001/4/30,16.41,0.00165
926,2001/5/31,17.08,0.00165
926,2001/6/29,18.05,0.00165
926,2001/7/31,15.01,0.00165
926,2001/8/31,14.84,0.00165
926,2001/9/28,12.55,0.00165
926,2001/10/31,11.79,0.00165
926,2001/11/30,11.66,0.00165
926,2001/12/31,10.74,0.00165
926,2002/1/31,8.9,0.00165
926,2002/2/28,9.81,0.001586
926,2002/3/29,10.38,0.001425
926,2002/4/30,10.71,0.001425
926,2002/5/31,9.68,0.001425
926,2002/6/28,10.48,0.001425
926,2002/7/31,10.05,0.001425
926,2002/8/30,9.59,0.001656
926,2002/9/27,8.88,0.001852
926,2002/10/31,8.71,0.001892
926,2002/11/29,7.54,0.001892
926,2002/12/31,7.09,0.001892
926,2003/1/29,8.27,0.001892
926,2003/2/28,8.32,0.001892
926,2003/3/31,8.41,0.001892
926,2003/4/30,8.27,0.001886
926,2003/5/30,9.35,0.001823
926,2003/6/30,8.45,0.001891
926,2003/7/31,7.83,0.001945
926,2003/8/29,7.09,0.001964
926,2003/9/30,6.54,0.002225
926,2003/10/31,6.6,0.002246
926,2003/11/28,6.6,0.002251
926,2003/12/31,6.87,0.002046
926,2004/1/30,7.3,0.002046
926,2004/2/27,7.78,0.001888
926,2004/3/31,10.03,0.001682
926,2004/4/30,8.47,0.001776
926,2004/5/28,8.27,0.00202
926,2004/6/30,7.65,0.002354
926,2004/7/30,8.42,0.002402
926,2004/8/31,8.31,0.002377
926,2004/9/30,8.9,0.002008
926,2004/10/29,8.7,0.00209
926,2004/11/30,8.52,0.002086
926,2004/12/31,8.32,0.002035
926,2005/1/31,7.64,0.002085
926,2005/2/28,8.39,0.00196
926,2005/3/31,7.88,0.001454
926,2005/4/29,8.38,0.000954
926,2005/5/31,6.57,0.000967
926,2005/6/30,6.98,0.00094
926,2005/7/29,7.06,0.000952
926,2005/8/31,7.56,0.000895
926,2005/9/29,8.21,0.00093
926,2005/10/28,8.21,0.000969
926,2005/11/30,7.15,0.001173
926,2005/12/30,7.46,0.001507
926,2006/1/25,8.5,0.001507
926,2006/2/28,8.09,0.001466
926,2006/3/31,8.57,0.001453
926,2006/4/28,8.08,0.001548
926,2006/5/31,9.13,0.001672
926,2006/6/30,8.77,0.001811
926,2006/7/28,8.64,0.001981
926,2006/8/31,8.51,0.002051
926,2006/9/29,10.44,0.002067
926,2006/10/31,10.69,0.002167
926,2006/11/30,12.41,0.002289
926,2006/12/29,14.75,0.00234
926,2007/1/31,13.83,0.00234
926,2007/2/28,15.98,0.002374
926,2007/3/30,22.06,0.002364
926,2007/4/30,27.85,0.002427
926,2007/5/31,15.62,0.002487
926,2007/6/29,13.54,0.002551
926,2007/7/31,18.27,0.00262
926,2007/8/31,18.92,0.002682
926,2007/9/28,17.68,0.002934
926,2007/10/31,14.82,0.00325
926,2007/11/30,13.08,0.003545
926,2007/12/28,15.08,0.003643
926,2008/1/31,14.52,0.003731
926,2008/2/29,15.01,0.003753
926,2008/3/31,11.97,0.003751
926,2008/4/30,9.5,0.003745
926,2008/5/30,8.39,0.003743
926,2008/6/30,5.85,0.003732
926,2008/7/28,8.09,0.003682
926,2008/8/29,6.24,0.003604
926,2008/9/26,5.28,0.003591
926,2008/10/31,4.34,0.003522
926,2008/11/28,4.83,0.003063
926,2008/12/31,4.84,0.001908
926,2009/1/23,5.45,0.001256
926,2009/2/27,6.08,0.001088
926,2009/3/31,7.29,0.001041
926,2009/4/30,7.2,0.001013
926,2009/5/27,7.72,0.00101
926,2009/6/30,10.33,0.001043
926,2009/7/31,10.39,0.001227
926,2009/8/31,7.43,0.001435
926,2009/9/30,7.91,0.001459
926,2009/10/30,9.36,0.001481
926,2009/11/30,11.72,0.001499
926,2009/12/31,12.09,0.001516
926,2010/1/29,10.75,0.001553
926,2010/2/25,11.16,0.001604
926,2010/3/31,12.03,0.001619
926,2010/4/30,9.16,0.001616
926,2010/5/31,8.7,0.001646
926,2010/6/30,8.28,0.002004
926,2010/7/30,10.62,0.002134
926,2010/8/31,9.99,0.002055
926,2010/9/30,9.2,0.00213
926,2010/10/29,10.92,0.002246
926,2010/11/30,13.15,0.002446
926,2010/12/31,13.48,0.00323
926,2011/1/28,11.23,0.00393
926,2011/2/28,11.74,0.00432
926,2011/3/31,13.05,0.003581
926,2011/4/29,11.74,0.003592
926,2011/5/31,10.27,0.003795
926,2011/6/30,11.97,0.004514
926,2011/7/29,10.78,0.005108
926,2011/8/31,9.79,0.004642
926,2011/9/30,7.99,0.004687
926,2011/10/28,8.08,0.0047
926,2011/11/30,7.29,0.004731
926,2011/12/30,7.08,0.004565
926,2012/1/31,7.48,0.004565
926,2012/2/29,8.94,0.004446
926,2012/3/30,8.8,0.004208
926,2012/4/27,9.64,0.004006
926,2012/5/31,10.4,0.003739
926,2012/6/29,9.34,0.003415
926,2012/7/31,7.44,0.003225
926,2012/8/31,7.36,0.003031
926,2012/9/28,7.41,0.003047
926,2012/10/31,7.97,0.003083
926,2012/11/30,7.68,0.00314
926,2012/12/31,9.45,0.00322
926,2013/1/31,8.56,0.003246
926,2013/2/28,8.66,0.00324
926,2013/3/29,7.7,0.003236
926,2013/4/26,7.65,0.003235
926,2013/5/31,8.4,0.003235
926,2013/6/28,7.21,0.004241
926,2013/7/31,6.97,0.003972
926,2013/8/30,7.43,0.00388
926,2013/9/30,7.26,0.003884
926,2013/10/31,7.32,0.003897
926,2013/11/29,7.35,0.00392
926,2013/12/31,7.12,0.004417
926,2014/1/30,7,0.004654
926,2014/2/28,6.69,0.004657
926,2014/3/31,6.94,0.004587
926,2014/4/30,6.84,0.004582
926,2014/5/30,6.51,0.004369
926,2014/6/30,6.52,0.003998
926,2014/7/31,6.99,0.003955
926,2014/8/29,6.78,0.003905
926,2014/9/30,7.36,0.003849
926,2014/10/31,7.9,0.003758
926,2014/11/28,9.26,0.003559
926,2014/12/31,10.76,0.003884
926,2015/1/30,10.65,0.004126
926,2015/2/27,10.6,0.004087
926,2015/3/31,11.96,0.004083
926,2015/4/30,13.09,0.003838
926,2015/5/29,15.55,0.002815
926,2015/6/30,14.11,0.002524
926,2015/7/31,11.87,0.002644
926,2015/8/31,9.53,0.002592
926,2015/9/30,10.27,0.002602
926,2015/10/30,12.56,0.002618
926,2015/11/30,15.54,0.002534
926,2015/12/31,16.84,0.002549
926,2016/1/29,11.18,0.002544
926,2016/2/29,10.69,0.002504
926,2016/3/31,12.03,0.002341
926,2016/4/29,11.51,0.002381
926,2016/5/31,11.25,0.00243
926,2016/6/30,11.73,0.002461
926,2016/7/29,11.95,0.002413
926,2016/8/31,12.6,0.002338
926,2016/9/30,12.28,0.002327
926,2016/10/31,12.67,0.002339
926,2016/11/30,12.99,0.002433
926,2016/12/30,12.74,0.002643
926,2017/1/26,12.12,0.003047
926,2017/2/28,12.41,0.003466
926,2017/3/31,12.45,0.003623
926,2017/4/28,11.78,0.003579
926,2017/5/31,12.05,0.003699
926,2017/6/30,12.2,0.003895
926,2017/7/31,12.33,0.003596
926,2017/8/31,12.47,0.003602
926,2017/9/29,12.39,0.00365
926,2017/10/31,12.29,0.003641
926,2017/11/30,12.52,0.003798
926,2017/12/25,10.89,0.00403
926,2018/1/31,12.14,0.003924
926,2018/2/28,10.63,0.003924
926,2018/3/30,9.58,0.003899
926,2018/4/27,8.58,0.003464
926,2018/5/31,7.77,0.003425
926,2018/6/29,7.19,0.003597
926,2018/7/31,7.13,0.003002
926,2018/8/31,7.11,0.002402
926,2018/9/28,7.07,0.002368
926,2018/10/31,6.37,0.002386
926,2018/11/30,6.56,0.002526
926,2018/12/28,6.12,0.002664
926,2019/1/31,6.25,0.002511
926,2019/2/28,7.15,0.002357
926,2019/3/29,7.8,0.002325
926,2019/4/30,7.48,0.002339
926,2019/5/31,6.88,0.002423
926,2019/6/28,6.92,0.002404
926,2019/7/31,6.74,0.002185
926,2019/8/30,6.39,0.002218
926,2019/9/30,6.28,0.002261
926,2019/10/31,6.45,0.002304
926,2019/11/29,6.35,0.00249
926,2019/12/31,6.5,0.002524
926,2020/1/23,6.03,0.002403
926,2020/2/28,5.22,0.002178
926,2020/3/31,5.14,0.001796
926,2020/4/30,5.35,0.001279
926,2020/5/29,5.27,0.001172
926,2020/6/30,5.25,0.001589
926,2020/7/31,5.58,0.001932
926,2020/8/31,5.83,0.002171
926,2020/9/30,5.27,0.002231
926,2020/10/30,5.06,0.002332
926,2020/11/30,5.33,0.002524
926,2020/12/31,5.03,0.002439
926,2021/1/29,4.5,0.002205
926,2021/2/26,4.62,0.002342
926,2021/3/31,4.69,0.002261
926,2021/4/30,4.41,0.002173
926,2021/5/31,4.5,0.002102
926,2021/6/30,4.37,0.00204
926,2021/7/30,4,0.002015
926,2021/8/31,4.27,0.001969
926,2021/9/30,4.32,0.00198
926,2021/10/29,3.98,0.002027
926,2021/11/30,4.03,0.002055
926,2021/12/31,4.25,0.002079
90_000716,2000/1/28,13.78,0.00165
90_000716,2000/2/29,16.74,0.00165
90_000716,2000/3/31,14.5,0.00165
90_000716,2000/4/28,13.41,0.00165
90_000716,2000/5/31,12.74,0.00165
90_000716,2000/6/30,13.72,0.00165
90_000716,2000/7/31,13.77,0.00165
90_000716,2000/8/31,14,0.00165
90_000716,2000/9/29,13.13,0.00165
90_000716,2000/10/31,13.05,0.00165
90_000716,2000/11/30,14.5,0.00165
90_000716,2000/12/29,14.88,0.00165
90_000716,2001/1/19,14.42,0.00165
90_000716,2001/2/28,12.6,0.00165
90_000716,2001/3/30,13.69,0.00165
90_000716,2001/4/30,14.39,0.00165
90_000716,2001/5/31,15.35,0.00165
90_000716,2001/6/29,15.13,0.00165
90_000716,2001/7/31,13.58,0.00165
90_000716,2001/8/31,13.5,0.00165
90_000716,2001/9/28,12.73,0.00165
90_000716,2001/10/31,11.75,0.00165
90_000716,2001/11/30,12.94,0.00165
90_000716,2001/12/31,13.15,0.00165
90_000716,2002/1/31,13.28,0.00165
90_000716,2002/2/28,13.5,0.001586
90_000716,2002/3/29,14.29,0.001425
90_000716,2002/4/30,14.57,0.001425
90_000716,2002/5/31,13.68,0.001425
90_000716,2002/6/28,11.2,0.001425
90_000716,2002/7/31,11.73,0.001425
90_000716,2002/8/30,11.96,0.001656
90_000716,2002/9/27,11.5,0.001852
90_000716,2002/10/31,9.59,0.001892
90_000716,2002/11/29,9.36,0.001892
90_000716,2002/12/31,8.19,0.001892
90_000716,2003/1/29,8.45,0.001892
90_000716,2003/2/28,8.74,0.001892
90_000716,2003/3/31,7.96,0.001892
90_000716,2003/4/30,7.1,0.001886
90_000716,2003/5/30,7.36,0.001823
90_000716,2003/6/30,6.78,0.001891
90_000716,2003/7/31,5.73,0.001945
90_000716,2003/8/29,5.23,0.001964
90_000716,2003/9/30,4.79,0.002225
90_000716,2003/10/31,4.12,0.002246
90_000716,2003/11/28,4.67,0.002251
90_000716,2003/12/31,4.24,0.002046
90_000716,2004/1/30,4.94,0.002046
90_000716,2004/2/27,5.8,0.001888
90_000716,2004/3/31,5.91,0.001682
90_000716,2004/4/30,5.12,0.001776
90_000716,2004/5/31,4.91,0.00202
90_000716,2004/6/30,4.08,0.002354
90_000716,2004/7/30,4.18,0.002402
90_000716,2004/8/31,4.51,0.002377
90_000716,2004/9/30,4.37,0.002008
90_000716,2004/10/29,4,0.00209
90_000716,2004/11/30,4.21,0.002086
90_000716,2004/12/31,4.03,0.002035
90_000716,2005/1/31,3.72,0.002085
90_000716,2005/2/28,4.1,0.00196
90_000716,2005/3/31,3.63,0.001454
90_000716,2005/4/29,2.72,0.000954
90_000716,2005/5/31,2.63,0.000967
90_000716,2005/6/30,2.34,0.00094
90_000716,2005/7/29,2.13,0.000952
90_000716,2005/8/31,2.53,0.000895
90_000716,2005/9/30,2.53,0.00093
90_000716,2005/10/31,2.16,0.000969
90_000716,2005/11/30,2.16,0.001173
90_000716,2005/12/30,2.16,0.001507
90_000716,2006/1/25,2.07,0.001507
90_000716,2006/2/28,2.23,0.001466
90_000716,2006/3/31,2.11,0.001453
90_000716,2006/4/28,2.17,0.001548
90_000716,2006/5/31,3.3,0.001672
90_000716,2006/6/30,3.45,0.001811
90_000716,2006/7/31,3.77,0.001981
90_000716,2006/8/31,3.5,0.002051
90_000716,2006/9/21,3.79,0.002067
90_000716,2006/10/30,3.79,0.002167
90_000716,2006/11/30,3.22,0.002289
90_000716,2006/12/29,3.37,0.00234
90_000716,2007/1/31,4.12,0.00234
90_000716,2007/2/28,5.5,0.002374
90_000716,2007/3/30,6.45,0.002364
90_000716,2007/4/27,8.01,0.002427
90_000716,2007/5/30,9.03,0.002487
90_000716,2007/6/29,5.79,0.002551
90_000716,2007/7/31,6.24,0.00262
90_000716,2007/8/31,7.61,0.002682
90_000716,2007/9/28,7.9,0.002934
90_000716,2007/10/31,6.8,0.00325
90_000716,2007/11/30,6.8,0.003545
90_000716,2007/12/28,8.55,0.003643
90_000716,2008/1/31,7.95,0.003731
90_000716,2008/2/29,7.96,0.003753
90_000716,2008/3/31,6.79,0.003751
90_000716,2008/4/30,5.43,0.003745
90_000716,2008/5/16,6.03,0.003743
90_000716,2008/6/30,6.03,0.003732
90_000716,2008/7/31,4.78,0.003682
90_000716,2008/8/29,3.3,0.003604
90_000716,2008/9/26,2.85,0.003591
90_000716,2008/10/31,2.06,0.003522
90_000716,2008/11/28,2.36,0.003063
90_000716,2008/12/31,2.5,0.001908
90_000716,2009/1/23,2.81,0.001256
90_000716,2009/2/27,3.57,0.001088
90_000716,2009/3/31,4.06,0.001041
90_000716,2009/4/10,4.03,0.001013
90_000716,2009/5/27,5.27,0.00101
90_000716,2009/6/30,5.81,0.001043
90_000716,2009/7/31,7.76,0.001227
90_000716,2009/8/31,6.18,0.001435
90_000716,2009/9/30,6.4,0.001459
90_000716,2009/10/30,7.07,0.001481
90_000716,2009/11/30,7.32,0.001499
90_000716,2009/12/31,9.13,0.001516
90_000716,2010/1/29,7.81,0.001553
90_000716,2010/2/26,9.13,0.001604
90_000716,2010/3/31,9.14,0.001619
90_000716,2010/4/30,9.65,0.001616
90_000716,2010/5/31,8.75,0.001646
90_000716,2010/6/30,8.49,0.002004
90_000716,2010/7/30,9.63,0.002134
90_000716,2010/8/31,10.91,0.002055
90_000716,2010/9/30,10.78,0.00213
90_000716,2010/10/29,11.1,0.002246
90_000716,2010/11/15,13.5,0.002446
90_000716,2010/12/31,13.5,0.00323
90_000716,2011/1/31,13.5,0.00393
90_000716,2011/2/28,10.99,0.00432
90_000716,2011/3/31,11.14,0.003581
90_000716,2011/4/29,9.45,0.003592
90_000716,2011/5/31,9.23,0.003795
90_000716,2011/6/24,9.57,0.004514
90_000716,2011/7/29,9.57,0.005108
90_000716,2011/8/31,9.57,0.004642
90_000716,2011/9/30,9.57,0.004687
90_000716,2011/10/31,9.57,0.0047
90_000716,2011/11/30,9.57,0.004731
90_000716,2011/12/30,9.57,0.004565
90_000716,2012/1/31,6.4,0.004565
90_000716,2012/2/29,7.39,0.004446
90_000716,2012/3/30,6.83,0.004208
90_000716,2012/4/27,7.62,0.004006
90_000716,2012/5/31,9.13,0.003739
90_000716,2012/6/29,10.48,0.003415
90_000716,2012/7/31,9.85,0.003225
90_000716,2012/8/31,9.18,0.003031
90_000716,2012/9/28,8.55,0.003047
90_000716,2012/10/31,9.05,0.003083
90_000716,2012/11/30,8.25,0.00314
90_000716,2012/12/31,9.76,0.00322
90_000716,2013/1/31,10.45,0.003246
90_000716,2013/2/28,12.74,0.00324
90_000716,2013/3/29,13.73,0.003236
90_000716,2013/4/26,13.11,0.003235
90_000716,2013/5/31,14.85,0.003235
90_000716,2013/6/28,12.3,0.004241
90_000716,2013/7/31,11.89,0.003972
90_000716,2013/8/30,12.07,0.00388
90_000716,2013/9/30,10.93,0.003884
90_000716,2013/10/31,11.34,0.003897
90_000716,2013/11/29,11.4,0.00392
90_000716,2013/12/31,10.61,0.004417
90_000716,2014/1/30,12.58,0.004654
90_000716,2014/2/28,12.44,0.004657
90_000716,2014/3/31,12.8,0.004587
90_000716,2014/4/30,11.83,0.004582
90_000716,2014/5/30,10.8,0.004369
90_000716,2014/6/30,11.74,0.003998
90_000716,2014/7/31,11.99,0.003955
90_000716,2014/8/29,12.63,0.003905
90_000716,2014/9/30,15.16,0.003849
90_000716,2014/10/28,16.53,0.003758
90_000716,2014/11/28,15.23,0.003559
90_000716,2014/12/31,12.97,0.003884
90_000716,2015/1/30,14.59,0.004126
90_000716,2015/2/27,15.24,0.004087
90_000716,2015/3/31,16.9,0.004083
90_000716,2015/4/30,21.7,0.003838
90_000716,2015/5/29,22.6,0.002815
90_000716,2015/6/5,23.75,0.002524
90_000716,2015/7/31,23.75,0.002644
90_000716,2015/8/31,11.53,0.002592
90_000716,2015/9/21,11.42,0.002602
90_000716,2015/10/30,11.42,0.002618
90_000716,2015/11/30,13.82,0.002534
90_000716,2015/12/31,17.02,0.002549
90_000716,2016/1/29,14.44,0.002544
90_000716,2016/2/29,12.66,0.002504
90_000716,2016/3/31,15.94,0.002341
90_000716,2016/4/29,15.28,0.002381
90_000716,2016/5/31,13.71,0.00243
90_000716,2016/6/30,6.76,0.002461
90_000716,2016/7/29,6.9,0.002413
90_000716,2016/8/31,6.8,0.002338
90_000716,2016/9/30,6.93,0.002327
90_000716,2016/10/31,7.33,0.002339
90_000716,2016/11/30,7.74,0.002433
90_000716,2016/12/30,8.06,0.002643
90_000716,2017/1/26,8.06,0.003047
90_000716,2017/2/28,8.06,0.003466
90_000716,2017/3/31,8.06,0.003623
90_000716,2017/4/28,8.06,0.003579
90_000716,2017/5/31,8.06,0.003699
90_000716,2017/6/30,8.06,0.003895
90_000716,2017/7/31,8.06,0.003596
90_000716,2017/8/31,6.82,0.003602
90_000716,2017/9/29,6.31,0.00365
90_000716,2017/10/31,6.48,0.003641
90_000716,2017/11/30,5.52,0.003798
90_000716,2017/12/29,5.6,0.00403
90_000716,2018/1/31,5.33,0.003924
90_000716,2018/2/28,5.26,0.003924
90_000716,2018/3/30,5.28,0.003899
90_000716,2018/4/27,5.01,0.003464
90_000716,2018/5/31,4.69,0.003425
90_000716,2018/6/29,3.62,0.003597
90_000716,2018/7/31,3.68,0.003002
90_000716,2018/8/31,3.24,0.002402
90_000716,2018/9/28,3.27,0.002368
90_000716,2018/10/31,2.89,0.002386
90_000716,2018/11/30,3.06,0.002526
90_000716,2018/12/28,2.79,0.002664
90_000716,2019/1/31,2.77,0.002511
90_000716,2019/2/28,3.43,0.002357
90_000716,2019/3/29,5.37,0.002325
90_000716,2019/4/30,5.51,0.002339
90_000716,2019/5/31,5.37,0.002423
90_000716,2019/6/28,4.32,0.002404
90_000716,2019/7/31,3.52,0.002185
90_000716,2019/8/30,3.74,0.002218
90_000716,2019/9/30,3.2,0.002261
90_000716,2019/10/31,3.15,0.002304
90_000716,2019/11/29,2.96,0.00249
90_000716,2019/12/31,4.16,0.002524
90_000716,2020/1/23,3.5,0.002403
90_000716,2020/2/28,3.63,0.002178
90_000716,2020/3/31,4.33,0.001796
90_000716,2020/4/30,3.67,0.001279
90_000716,2020/5/29,4.13,0.001172
90_000716,2020/6/30,3.83,0.001589
90_000716,2020/7/31,4.08,0.001932
90_000716,2020/8/31,4.32,0.002171
90_000716,2020/9/30,3.55,0.002231
90_000716,2020/10/30,3.1,0.002332
90_000716,2020/11/30,3.34,0.002524
90_000716,2020/12/31,3.3,0.002439
90_000716,2021/1/29,3.02,0.002205
90_000716,2021/2/26,3.09,0.002342
90_000716,2021/3/31,3.13,0.002261
90_000716,2021/4/30,3.11,0.002173
90_000716,2021/5/31,3.4,0.002102
90_000716,2021/6/30,3.31,0.00204
90_000716,2021/7/30,3.1,0.002015
90_000716,2021/8/31,3.2,0.001969
90_000716,2021/9/30,3.23,0.00198
90_000716,2021/10/29,3.23,0.002027
90_000716,2021/11/30,3.25,0.002055
90_000716,2021/12/31,3.42,0.002079
90_000767,2000/1/28,15.86,0.00165
90_000767,2000/2/29,19.77,0.00165
90_000767,2000/3/31,18.49,0.00165
90_000767,2000/4/27,16.95,0.00165
90_000767,2000/5/31,17.5,0.00165
90_000767,2000/6/30,17.5,0.00165
90_000767,2000/7/31,18.36,0.00165
90_000767,2000/8/31,17.02,0.00165
90_000767,2000/9/29,15.77,0.00165
90_000767,2000/10/31,17.01,0.00165
90_000767,2000/11/30,16.92,0.00165
90_000767,2000/12/29,16.99,0.00165
90_000767,2001/1/19,16.1,0.00165
90_000767,2001/2/28,15.26,0.00165
90_000767,2001/3/30,15.61,0.00165
90_000767,2001/4/30,15.7,0.00165
90_000767,2001/5/31,15.13,0.00165
90_000767,2001/6/29,15.54,0.00165
90_000767,2001/7/31,12.49,0.00165
90_000767,2001/8/31,13.31,0.00165
90_000767,2001/9/28,13.3,0.00165
90_000767,2001/10/31,13.82,0.00165
90_000767,2001/11/30,14.71,0.00165
90_000767,2001/12/31,15.3,0.00165
90_000767,2002/1/31,14.14,0.00165
90_000767,2002/2/28,14.2,0.001586
90_000767,2002/3/29,14.6,0.001425
90_000767,2002/4/30,15.35,0.001425
90_000767,2002/5/31,14.15,0.001425
90_000767,2002/6/28,14.49,0.001425
90_000767,2002/7/31,13.57,0.001425
90_000767,2002/8/30,13.68,0.001656
90_000767,2002/9/27,13.56,0.001852
90_000767,2002/10/31,12.51,0.001892
90_000767,2002/11/29,11.53,0.001892
90_000767,2002/12/31,11.18,0.001892
90_000767,2003/1/29,11.69,0.001892
90_000767,2003/2/28,11.84,0.001892
90_000767,2003/3/31,12.86,0.001892
90_000767,2003/4/30,14.02,0.001886
90_000767,2003/5/30,14.87,0.001823
90_000767,2003/6/30,10.41,0.001891
90_000767,2003/7/31,11,0.001945
90_000767,2003/8/29,10.14,0.001964
90_000767,2003/9/30,9.33,0.002225
90_000767,2003/10/31,8.28,0.002246
90_000767,2003/11/28,8.93,0.002251
90_000767,2003/12/31,10.12,0.002046
90_000767,2004/1/30,9.83,0.002046
90_000767,2004/2/27,10.24,0.001888
90_000767,2004/3/31,11.92,0.001682
90_000767,2004/4/30,11.66,0.001776
90_000767,2004/5/31,11.14,0.00202
90_000767,2004/6/30,10.55,0.002354
90_000767,2004/7/30,6.57,0.002402
90_000767,2004/8/31,7.19,0.002377
90_000767,2004/9/30,7.55,0.002008
90_000767,2004/10/29,7.32,0.00209
90_000767,2004/11/30,6.55,0.002086
90_000767,2004/12/31,5.79,0.002035
90_000767,2005/1/31,5.78,0.002085
90_000767,2005/2/28,5.97,0.00196
90_000767,2005/3/31,5.11,0.001454
90_000767,2005/4/29,5.37,0.000954
90_000767,2005/5/31,5.16,0.000967
90_000767,2005/6/30,4.4,0.00094
90_000767,2005/7/29,4.24,0.000952
90_000767,2005/8/31,4.82,0.000895
90_000767,2005/9/30,4.9,0.00093
90_000767,2005/10/31,4.64,0.000969
90_000767,2005/11/18,4.31,0.001173
90_000767,2005/12/30,3.9,0.001507
90_000767,2006/1/25,4.26,0.001507
90_000767,2006/2/28,4.08,0.001466
90_000767,2006/3/31,4.31,0.001453
90_000767,2006/4/28,3.8,0.001548
90_000767,2006/5/31,4.75,0.001672
90_000767,2006/6/30,4.84,0.001811
90_000767,2006/7/31,4.35,0.001981
90_000767,2006/8/31,4.33,0.002051
90_000767,2006/9/29,4.37,0.002067
90_000767,2006/10/31,4.56,0.002167
90_000767,2006/11/30,4.73,0.002289
90_000767,2006/12/29,5.1,0.00234
90_000767,2007/1/31,6.3,0.00234
90_000767,2007/2/28,7.49,0.002374
90_000767,2007/3/30,7.93,0.002364
90_000767,2007/4/30,11.14,0.002427
90_000767,2007/5/31,13.66,0.002487
90_000767,2007/6/29,10.35,0.002551
90_000767,2007/7/31,12.15,0.00262
90_000767,2007/8/31,14.96,0.002682
90_000767,2007/9/28,15.16,0.002934
90_000767,2007/10/31,13.07,0.00325
90_000767,2007/11/30,10.57,0.003545
90_000767,2007/12/28,12.34,0.003643
90_000767,2008/1/31,10.33,0.003731
90_000767,2008/2/29,11.59,0.003753
90_000767,2008/3/31,9.12,0.003751
90_000767,2008/4/30,6.73,0.003745
90_000767,2008/5/30,6.3,0.003743
90_000767,2008/6/30,5.12,0.003732
90_000767,2008/7/31,5.09,0.003682
90_000767,2008/8/29,3.59,0.003604
90_000767,2008/9/26,3.59,0.003591
90_000767,2008/10/31,2.4,0.003522
90_000767,2008/11/28,2.83,0.003063
90_000767,2008/12/31,2.7,0.001908
90_000767,2009/1/23,2.98,0.001256
90_000767,2009/2/27,3.27,0.001088
90_000767,2009/3/31,3.91,0.001041
90_000767,2009/4/30,3.9,0.001013
90_000767,2009/5/27,4.29,0.00101
90_000767,2009/6/30,4.43,0.001043
90_000767,2009/7/31,5.96,0.001227
90_000767,2009/8/31,4.62,0.001435
90_000767,2009/9/30,4.61,0.001459
90_000767,2009/10/30,4.84,0.001481
90_000767,2009/11/30,5.56,0.001499
90_000767,2009/12/31,5.79,0.001516
90_000767,2010/1/29,5.19,0.001553
90_000767,2010/2/26,5.39,0.001604
90_000767,2010/3/31,5.71,0.001619
90_000767,2010/4/30,4.95,0.001616
90_000767,2010/5/31,4.28,0.001646
90_000767,2010/6/30,3.97,0.002004
90_000767,2010/7/30,4.32,0.002134
90_000767,2010/8/31,4.41,0.002055
90_000767,2010/9/30,4.2,0.00213
90_000767,2010/10/29,4.33,0.002246
90_000767,2010/11/29,4.4,0.002446
90_000767,2010/12/31,3.98,0.00323
90_000767,2011/1/31,3.9,0.00393
90_000767,2011/2/28,4.11,0.00432
90_000767,2011/3/31,5,0.003581
90_000767,2011/4/29,5.56,0.003592
90_000767,2011/5/31,5.06,0.003795
90_000767,2011/6/3,5.56,0.004514
90_000767,2011/7/29,5.56,0.005108
90_000767,2011/8/31,5.56,0.004642
90_000767,2011/9/30,5.56,0.004687
90_000767,2011/10/31,5.1,0.0047
90_000767,2011/11/30,4.68,0.004731
90_000767,2011/12/30,3.64,0.004565
90_000767,2012/1/31,3.8,0.004565
90_000767,2012/2/29,4.12,0.004446
90_000767,2012/3/30,3.66,0.004208
90_000767,2012/4/27,3.56,0.004006
90_000767,2012/5/31,3.72,0.003739
90_000767,2012/6/29,3.72,0.003415
90_000767,2012/7/31,3.18,0.003225
90_000767,2012/8/31,3.32,0.003031
90_000767,2012/9/28,3.45,0.003047
90_000767,2012/10/31,3.3,0.003083
90_000767,2012/11/30,3.37,0.00314
90_000767,2012/12/31,3.77,0.00322
90_000767,2013/1/31,4.38,0.003246
90_000767,2013/2/28,4.41,0.00324
90_000767,2013/3/29,4.4,0.003236
90_000767,2013/4/26,4.14,0.003235
90_000767,2013/5/31,3.76,0.003235
90_000767,2013/6/28,3.02,0.004241
90_000767,2013/7/31,2.94,0.003972
90_000767,2013/8/30,3.07,0.00388
90_000767,2013/9/30,3.05,0.003884
90_000767,2013/10/31,3.15,0.003897
90_000767,2013/11/29,3.14,0.00392
90_000767,2013/12/31,3.06,0.004417
90_000767,2014/1/30,2.98,0.004654
90_000767,2014/2/28,3.11,0.004657
90_000767,2014/3/31,3.44,0.004587
90_000767,2014/4/30,2.79,0.004582
90_000767,2014/5/30,2.76,0.004369
90_000767,2014/6/30,2.74,0.003998
90_000767,2014/7/31,3.2,0.003955
90_000767,2014/8/29,3.13,0.003905
90_000767,2014/9/30,3.67,0.003849
90_000767,2014/10/31,3.82,0.003758
90_000767,2014/11/28,3.89,0.003559
90_000767,2014/12/31,5.51,0.003884
90_000767,2015/1/30,5.54,0.004126
90_000767,2015/2/27,5.18,0.004087
90_000767,2015/3/31,6.28,0.004083
90_000767,2015/4/30,9.43,0.003838
90_000767,2015/5/29,9.68,0.002815
90_000767,2015/6/30,9.42,0.002524
90_000767,2015/7/31,6.58,0.002644
90_000767,2015/8/31,5.87,0.002592
90_000767,2015/9/30,5.16,0.002602
90_000767,2015/10/30,6.12,0.002618
90_000767,2015/11/30,6.07,0.002534
90_000767,2015/12/29,5.77,0.002549
90_000767,2016/1/29,4.33,0.002544
90_000767,2016/2/29,4.22,0.002504
90_000767,2016/3/31,4.61,0.002341
90_000767,2016/4/29,4.2,0.002381
90_000767,2016/5/31,3.83,0.00243
90_000767,2016/6/30,3.62,0.002461
90_000767,2016/7/29,3.59,0.002413
90_000767,2016/8/31,3.67,0.002338
90_000767,2016/9/30,3.63,0.002327
90_000767,2016/10/31,3.92,0.002339
90_000767,2016/11/30,3.86,0.002433
90_000767,2016/12/30,3.85,0.002643
90_000767,2017/1/26,3.76,0.003047
90_000767,2017/2/28,3.91,0.003466
90_000767,2017/3/31,3.97,0.003623
90_000767,2017/4/28,3.51,0.003579
90_000767,2017/5/31,3.39,0.003699
90_000767,2017/6/30,3.43,0.003895
90_000767,2017/7/31,3.52,0.003596
90_000767,2017/8/31,3.59,0.003602
90_000767,2017/9/29,3.47,0.00365
90_000767,2017/10/31,3.25,0.003641
90_000767,2017/11/30,3,0.003798
90_000767,2017/12/29,2.94,0.00403
90_000767,2018/1/31,2.83,0.003924
90_000767,2018/2/28,2.65,0.003924
90_000767,2018/3/30,2.74,0.003899
90_000767,2018/4/27,2.66,0.003464
90_000767,2018/5/31,2.81,0.003425
90_000767,2018/6/29,2.55,0.003597
90_000767,2018/7/31,2.79,0.003002
90_000767,2018/8/31,2.7,0.002402
90_000767,2018/9/28,2.69,0.002368
90_000767,2018/10/31,2.74,0.002386
90_000767,2018/11/30,2.74,0.002526
90_000767,2018/12/28,2.47,0.002664
90_000767,2019/1/31,2.36,0.002511
90_000767,2019/2/28,2.74,0.002357
90_000767,2019/3/29,2.93,0.002325
90_000767,2019/4/30,2.86,0.002339
90_000767,2019/5/31,2.69,0.002423
90_000767,2019/6/28,2.87,0.002404
90_000767,2019/7/31,2.7,0.002185
90_000767,2019/8/30,2.56,0.002218
90_000767,2019/9/30,2.52,0.002261
90_000767,2019/10/31,2.45,0.002304
90_000767,2019/11/29,2.37,0.00249
90_000767,2019/12/31,2.43,0.002524
90_000767,2020/1/23,2.38,0.002403
90_000767,2020/2/28,2.18,0.002178
90_000767,2020/3/31,2.1,0.001796
90_000767,2020/4/30,2.28,0.001279
90_000767,2020/5/29,2.21,0.001172
90_000767,2020/6/30,2.23,0.001589
90_000767,2020/7/31,2.53,0.001932
90_000767,2020/8/31,2.53,0.002171
90_000767,2020/9/30,2.44,0.002231
90_000767,2020/10/30,2.41,0.002332
90_000767,2020/11/30,2.62,0.002524
90_000767,2020/12/31,3.99,0.002439
90_000767,2021/1/29,3.42,0.002205
90_000767,2021/2/26,2.98,0.002342
90_000767,2021/3/31,3.64,0.002261
90_000767,2021/4/30,3.11,0.002173
90_000767,2021/5/31,3.44,0.002102
90_000767,2021/6/30,3.3,0.00204
90_000767,2021/7/30,3.05,0.002015
90_000767,2021/8/31,3.03,0.001969
90_000767,2021/9/30,4.31,0.00198
90_000767,2021/10/29,3.31,0.002027
90_000767,2021/11/30,3.1,0.002055
90_000767,2021/12/31,3.76,0.002079
90_000001,2000/1/28,18.53,0.00165
90_000001,2000/2/29,18.32,0.00165
90_000001,2000/3/31,18.37,0.00165
90_000001,2000/4/28,19.05,0.00165
90_000001,2000/5/31,18,0.00165
90_000001,2000/6/30,18.13,0.00165
90_000001,2000/7/31,18.51,0.00165
90_000001,2000/8/31,17.75,0.00165
90_000001,2000/9/29,16.96,0.00165
90_000001,2000/10/31,17.55,0.00165
90_000001,2000/11/30,15.49,0.00165
90_000001,2000/12/29,14.52,0.00165
90_000001,2001/1/19,14.98,0.00165
90_000001,2001/2/28,14.09,0.00165
90_000001,2001/3/30,16.22,0.00165
90_000001,2001/4/30,15.53,0.00165
90_000001,2001/5/31,16.2,0.00165
90_000001,2001/6/29,15.31,0.00165
90_000001,2001/7/31,13.83,0.00165
90_000001,2001/8/31,12.71,0.00165
90_000001,2001/9/28,12.75,0.00165
90_000001,2001/10/31,13.81,0.00165
90_000001,2001/11/30,13.42,0.00165
90_000001,2001/12/31,12.25,0.00165
90_000001,2002/1/31,10.53,0.00165
90_000001,2002/2/28,10.15,0.001586
90_000001,2002/3/29,11.03,0.001425
90_000001,2002/4/30,11.5,0.001425
90_000001,2002/5/31,11.16,0.001425
90_000001,2002/6/28,15,0.001425
90_000001,2002/7/31,15.01,0.001425
90_000001,2002/8/30,15.4,0.001656
90_000001,2002/9/27,13.77,0.001852
90_000001,2002/10/31,12.95,0.001892
90_000001,2002/11/29,12.1,0.001892
90_000001,2002/12/31,10.49,0.001892
90_000001,2003/1/29,11.63,0.001892
90_000001,2003/2/28,11.27,0.001892
90_000001,2003/3/31,11.79,0.001892
90_000001,2003/4/30,12.43,0.001886
90_000001,2003/5/30,12.55,0.001823
90_000001,2003/6/30,11.09,0.001891
90_000001,2003/7/31,10.61,0.001945
90_000001,2003/8/29,10.33,0.001964
90_000001,2003/9/30,9.17,0.002225
90_000001,2003/10/31,8.14,0.002246
90_000001,2003/11/28,8.38,0.002251
90_000001,2003/12/31,8.51,0.002046
90_000001,2004/1/30,9.28,0.002046
90_000001,2004/2/27,10.36,0.001888
90_000001,2004/3/31,10.66,0.001682
90_000001,2004/4/30,9.33,0.001776
90_000001,2004/5/31,9.62,0.00202
90_000001,2004/6/30,8.6,0.002354
90_000001,2004/7/30,8.11,0.002402
90_000001,2004/8/31,8.16,0.002377
90_000001,2004/9/30,8.16,0.002008
90_000001,2004/10/29,7.17,0.00209
90_000001,2004/11/30,7.05,0.002086
90_000001,2004/12/31,6.59,0.002035
90_000001,2005/1/31,6.06,0.002085
90_000001,2005/2/28,6.48,0.00196
90_000001,2005/3/31,5.21,0.001454
90_000001,2005/4/29,6.2,0.000954
90_000001,2005/5/31,6.01,0.000967
90_000001,2005/6/30,5.93,0.00094
90_000001,2005/7/29,5.93,0.000952
90_000001,2005/8/31,6.23,0.000895
90_000001,2005/9/30,5.76,0.00093
90_000001,2005/10/31,5.71,0.000969
90_000001,2005/11/30,5.84,0.001173
90_000001,2005/12/30,6.14,0.001507
90_000001,2006/1/25,6.35,0.001507
90_000001,2006/2/28,6.84,0.001466
90_000001,2006/3/31,6.37,0.001453
90_000001,2006/4/28,7.88,0.001548
90_000001,2006/5/31,8.78,0.001672
90_000001,2006/6/30,7.56,0.001811
90_000001,2006/7/31,6.72,0.001981
90_000001,2006/8/31,7.23,0.002051
90_000001,2006/9/29,8.16,0.002067
90_000001,2006/10/31,9.55,0.002167
90_000001,2006/11/30,12.65,0.002289
90_000001,2006/12/29,14.47,0.00234
90_000001,2007/1/31,19.13,0.00234
90_000001,2007/2/28,19.05,0.002374
90_000001,2007/3/30,18.88,0.002364
90_000001,2007/4/30,25.95,0.002427
90_000001,2007/5/31,28.69,0.002487
90_000001,2007/6/29,27.52,0.002551
90_000001,2007/7/31,36.23,0.00262
90_000001,2007/8/31,38,0.002682
90_000001,2007/9/28,39.98,0.002934
90_000001,2007/10/31,48.05,0.00325
90_000001,2007/11/30,36.08,0.003545
90_000001,2007/12/28,38.6,0.003643
90_000001,2008/1/31,33.3,0.003731
90_000001,2008/2/29,33.15,0.003753
90_000001,2008/3/31,28.2,0.003751
90_000001,2008/4/30,29.62,0.003745
90_000001,2008/5/30,25.23,0.003743
90_000001,2008/6/30,19.33,0.003732
90_000001,2008/7/31,20.8,0.003682
90_000001,2008/8/29,20.2,0.003604
90_000001,2008/9/26,14.99,0.003591
90_000001,2008/10/31,8.37,0.003522
90_000001,2008/11/28,8.99,0.003063
90_000001,2008/12/31,9.46,0.001908
90_000001,2009/1/23,11.64,0.001256
90_000001,2009/2/27,13.8,0.001088
90_000001,2009/3/31,15.94,0.001041
90_000001,2009/4/30,16.32,0.001013
90_000001,2009/5/27,17.84,0.00101
90_000001,2009/6/30,21.82,0.001043
90_000001,2009/7/31,26.18,0.001227
90_000001,2009/8/31,18.19,0.001435
90_000001,2009/9/30,20.01,0.001459
90_000001,2009/10/30,22.48,0.001481
90_000001,2009/11/30,24.26,0.001499
90_000001,2009/12/31,24.37,0.001516
90_000001,2010/1/29,21.7,0.001553
90_000001,2010/2/26,22.45,0.001604
90_000001,2010/3/31,23.2,0.001619
90_000001,2010/4/30,20.56,0.001616
90_000001,2010/5/31,17.51,0.001646
90_000001,2010/6/30,17.51,0.002004
90_000001,2010/7/30,17.51,0.002134
90_000001,2010/8/31,17.51,0.002055
90_000001,2010/9/30,16.22,0.00213
90_000001,2010/10/29,18.41,0.002246
90_000001,2010/11/30,16.39,0.002446
90_000001,2010/12/31,15.79,0.00323
90_000001,2011/1/31,15.31,0.00393
90_000001,2011/2/28,15.93,0.00432
90_000001,2011/3/31,16.08,0.003581
90_000001,2011/4/29,18.2,0.003592
90_000001,2011/5/31,17.66,0.003795
90_000001,2011/6/30,17.07,0.004514
90_000001,2011/7/29,17.34,0.005108
90_000001,2011/8/31,16.85,0.004642
90_000001,2011/9/30,16.04,0.004687
90_000001,2011/10/31,16.88,0.0047
90_000001,2011/11/30,15.51,0.004731
90_000001,2011/12/30,15.59,0.004565
90_000001,2012/1/31,16.64,0.004565
90_000001,2012/2/29,17.1,0.004446
90_000001,2012/3/30,15.71,0.004208
90_000001,2012/4/27,16.56,0.004006
90_000001,2012/5/31,15.69,0.003739
90_000001,2012/6/29,15.16,0.003415
90_000001,2012/7/31,15.1,0.003225
90_000001,2012/8/31,14.19,0.003031
90_000001,2012/9/28,13.13,0.003047
90_000001,2012/10/31,13.16,0.003083
90_000001,2012/11/30,12.8,0.00314
90_000001,2012/12/31,16.02,0.00322
90_000001,2013/1/31,21.1,0.003246
90_000001,2013/2/28,23,0.00324
90_000001,2013/3/29,20.12,0.003236
90_000001,2013/4/26,18.7,0.003235
90_000001,2013/5/31,20.99,0.003235
90_000001,2013/6/28,9.97,0.004241
90_000001,2013/7/31,9.59,0.003972
90_000001,2013/8/30,10.61,0.00388
90_000001,2013/9/30,11.88,0.003884
90_000001,2013/10/31,13.9,0.003897
90_000001,2013/11/29,13.6,0.00392
90_000001,2013/12/31,12.25,0.004417
90_000001,2014/1/30,11.4,0.004654
90_000001,2014/2/28,11.13,0.004657
90_000001,2014/3/31,10.77,0.004587
90_000001,2014/4/30,11.14,0.004582
90_000001,2014/5/30,11.5,0.004369
90_000001,2014/6/30,9.91,0.003998
90_000001,2014/7/31,10.87,0.003955
90_000001,2014/8/29,10.25,0.003905
90_000001,2014/9/30,10.14,0.003849
90_000001,2014/10/31,11.03,0.003758
90_000001,2014/11/28,12.44,0.003559
90_000001,2014/12/31,15.84,0.003884
90_000001,2015/1/30,13.93,0.004126
90_000001,2015/2/27,13.99,0.004087
90_000001,2015/3/31,15.75,0.004083
90_000001,2015/4/30,16.7,0.003838
90_000001,2015/5/29,15.32,0.002815
90_000001,2015/6/30,14.54,0.002524
90_000001,2015/7/31,12.36,0.002644
90_000001,2015/8/31,11.07,0.002592
90_000001,2015/9/30,10.49,0.002602
90_000001,2015/10/30,11.36,0.002618
90_000001,2015/11/30,11.74,0.002534
90_000001,2015/12/31,11.99,0.002549
90_000001,2016/1/29,10,0.002544
90_000001,2016/2/29,9.56,0.002504
90_000001,2016/3/31,10.64,0.002341
90_000001,2016/4/29,10.57,0.002381
90_000001,2016/5/31,10.55,0.00243
90_000001,2016/6/30,8.7,0.002461
90_000001,2016/7/29,9.2,0.002413
90_000001,2016/8/31,9.49,0.002338
90_000001,2016/9/30,9.07,0.002327
90_000001,2016/10/31,9.15,0.002339
90_000001,2016/11/30,9.55,0.002433
90_000001,2016/12/30,9.1,0.002643
90_000001,2017/1/26,9.33,0.003047
90_000001,2017/2/28,9.48,0.003466
90_000001,2017/3/31,9.17,0.003623
90_000001,2017/4/28,8.99,0.003579
90_000001,2017/5/31,9.2,0.003699
90_000001,2017/6/30,9.39,0.003895
90_000001,2017/7/31,10.67,0.003596
90_000001,2017/8/31,11.28,0.003602
90_000001,2017/9/29,11.11,0.00365
90_000001,2017/10/31,11.54,0.003641
90_000001,2017/11/30,13.38,0.003798
90_000001,2017/12/29,13.3,0.00403
90_000001,2018/1/31,14.05,0.003924
90_000001,2018/2/28,12.05,0.003924
90_000001,2018/3/30,10.9,0.003899
90_000001,2018/4/27,10.85,0.003464
90_000001,2018/5/31,10.18,0.003425
90_000001,2018/6/29,9.09,0.003597
90_000001,2018/7/31,9.42,0.003002
90_000001,2018/8/31,10.13,0.002402
90_000001,2018/9/28,11.05,0.002368
90_000001,2018/10/31,10.91,0.002386
90_000001,2018/11/30,10.36,0.002526
90_000001,2018/12/28,9.38,0.002664
90_000001,2019/1/31,11.1,0.002511
90_000001,2019/2/28,12.36,0.002357
90_000001,2019/3/29,12.82,0.002325
90_000001,2019/4/30,13.85,0.002339
90_000001,2019/5/31,12.18,0.002423
90_000001,2019/6/28,13.78,0.002404
90_000001,2019/7/31,14.13,0.002185
90_000001,2019/8/30,14.16,0.002218
90_000001,2019/9/30,15.59,0.002261
90_000001,2019/10/31,16.26,0.002304
90_000001,2019/11/29,15.29,0.00249
90_000001,2019/12/31,16.45,0.002524
90_000001,2020/1/23,15.54,0.002403
90_000001,2020/2/28,14.5,0.002178
90_000001,2020/3/31,12.8,0.001796
90_000001,2020/4/30,13.93,0.001279
90_000001,2020/5/29,13,0.001172
90_000001,2020/6/30,12.8,0.001589
90_000001,2020/7/31,13.34,0.001932
90_000001,2020/8/31,15.08,0.002171
90_000001,2020/9/30,15.17,0.002231
90_000001,2020/10/30,17.75,0.002332
90_000001,2020/11/30,19.74,0.002524
90_000001,2020/12/31,19.34,0.002439
90_000001,2021/1/29,23.09,0.002205
90_000001,2021/2/26,21.38,0.002342
90_000001,2021/3/31,22.01,0.002261
90_000001,2021/4/30,23.29,0.002173
90_000001,2021/5/31,24.2,0.002102
90_000001,2021/6/30,22.62,0.00204
90_000001,2021/7/30,17.69,0.002015
90_000001,2021/8/31,17.8,0.001969
90_000001,2021/9/30,17.93,0.00198
90_000001,2021/10/29,19.5,0.002027
90_000001,2021/11/30,17.44,0.002055
90_000001,2021/12/31,16.48,0.002079
000008,2000-01-28,89.96,0.00165
000008,2000-02-29,84.46,0.00165
000008,2000-03-31,72.39,0.00165
000008,2000-04-28,71.45,0.00165
000008,2000-05-30,66.09,0.00165
000008,2000-06-30,70.44,0.00165
000008,2000-07-31,61.75,0.00165
000008,2000-08-31,58.77,0.00165
000008,2000-09-29,53.91,0.00165
000008,2000-10-31,53.29,0.00165
000008,2000-11-30,53.79,0.00165
000008,2000-12-29,50.31,0.00165
000008,2001-01-19,24.54,0.00165
000008,2001-02-28,24.78,0.00165
000008,2001-03-30,25.6,0.00165
000008,2001-04-30,25.21,0.00165
000008,2001-05-30,24.25,0.00165
000008,2001-06-29,23.56,0.00165
000008,2001-07-31,17.39,0.00165
000008,2001-08-31,18,0.00165
000008,2001-09-28,15.6,0.00165
000008,2001-10-31,13.74,0.00165
000008,2001-11-30,14.62,0.00165
000008,2001-12-31,11.96,0.00165
000008,2002-01-31,9.99,0.00165
000008,2002-02-28,11.17,0.001586
000008,2002-03-29,16.09,0.001425
000008,2002-04-30,13.94,0.001425
000008,2002-05-31,11.75,0.001425
000008,2002-06-28,12.88,0.001425
000008,2002-07-31,12.27,0.001425
000008,2002-08-30,12.25,0.001656
000008,2002-09-27,11.1,0.001852
000008,2002-10-31,10.39,0.001892
000008,2002-11-29,9.21,0.001892
000008,2002-12-31,8.59,0.001892
000008,2003-01-29,9.65,0.001892
000008,2003-02-28,9.71,0.001892
000008,2003-03-31,9.08,0.001892
000008,2003-04-30,7.47,0.001886
000008,2003-05-30,8.11,0.001823
000008,2003-06-30,7.48,0.001891
000008,2003-07-31,7.15,0.001945
000008,2003-08-29,8.59,0.001964
000008,2003-09-30,8.06,0.002225
000008,2003-10-31,7.77,0.002246
000008,2003-11-28,7.36,0.002251
000008,2003-12-31,6.95,0.002046
000008,2004-01-30,7.36,0.002046
000008,2004-02-27,8.72,0.001888
000008,2004-03-31,8.74,0.001682
000008,2004-04-30,7.92,0.001776
000008,2004-05-31,8.82,0.00202
000008,2004-06-30,7.02,0.002354
000008,2004-07-30,8.42,0.002402
000008,2004-08-31,8.11,0.002377
000008,2004-09-30,8.5,0.002008
000008,2004-10-29,8.06,0.00209
000008,2004-11-30,7.91,0.002086
000008,2004-12-31,8.4,0.002035
000008,2005-01-31,10.86,0.002085
000008,2005-02-28,12.23,0.00196
000008,2005-03-31,8.23,0.001454
000008,2005-04-29,5.88,0.000954
000008,2005-05-31,6.21,0.000967
000008,2005-06-30,5.64,0.00094
000008,2005-07-29,4.94,0.000952
000008,2005-08-31,5.56,0.000895
000008,2005-09-30,5.23,0.00093
000008,2005-10-31,4.5,0.000969
000008,2005-11-11,4.92,0.001173
000008,2005-12-30,4.06,0.001507
000008,2006-01-25,4.23,0.001507
000008,2006-02-28,4.54,0.001466
000008,2006-03-31,4.25,0.001453
000008,2006-04-28,3.74,0.001548
000008,2006-05-31,4.97,0.001672
000008,2006-06-30,4.92,0.001811
000008,2006-07-31,4.87,0.001981
000008,2006-08-31,4.41,0.002051
000008,2006-09-29,4.67,0.002067
000008,2006-10-31,4.38,0.002167
000008,2006-11-30,4.39,0.002289
000008,2006-12-29,4.17,0.00234
000008,2007-01-31,5.6,0.00234
000008,2007-02-28,6.4,0.002374
000008,2007-03-30,7.17,0.002364
000008,2007-04-30,9.16,0.002427
000008,2007-05-31,9.83,0.002487
000008,2007-06-29,6.37,0.002551
000008,2007-07-31,7.75,0.00262
000008,2007-08-31,9.99,0.002682
000008,2007-09-28,11.43,0.002934
000008,2007-10-31,10.54,0.00325
000008,2007-11-30,10.05,0.003545
000008,2007-12-28,12.41,0.003643
000008,2008-01-31,10.51,0.003731
000008,2008-02-29,11.08,0.003753
000008,2008-03-31,8.41,0.003751
000008,2008-04-30,8.15,0.003745
000008,2008-05-30,7.16,0.003743
000008,2008-06-30,5.31,0.003732
000008,2008-07-31,5.7,0.003682
000008,2008-08-29,4.62,0.003604
000008,2008-09-26,4.03,0.003591
000008,2008-10-31,3.97,0.003522
000008,2008-11-28,3.94,0.003063
000008,2008-12-31,4.42,0.001908
000008,2009-01-23,5.34,0.001256
000008,2009-02-27,5.73,0.001088
000008,2009-03-31,7.11,0.001041
000008,2009-04-30,6.73,0.001013
000008,2009-05-27,6.9,0.00101
000008,2009-06-30,8.59,0.001043
000008,2009-07-31,9.57,0.001227
000008,2009-08-31,7.86,0.001435
000008,2009-09-30,7.74,0.001459
000008,2009-10-30,9.05,0.001481
000008,2009-11-30,9.86,0.001499
000008,2009-12-22,12.28,0.001516
000008,2010-01-29,9.63,0.001553
000008,2010-02-26,11.1,0.001604
000008,2010-03-31,13.04,0.001619
000008,2010-04-30,12.3,0.001616
000008,2010-05-12,13.76,0.001646
000008,2010-06-30,9.88,0.002004
000008,2010-07-30,11.07,0.002134
000008,2010-08-31,12.33,0.002055
000008,2010-09-30,13.18,0.00213
000008,2010-10-29,12.68,0.002246
000008,2010-11-30,12.4,0.002446
000008,2010-12-31,11.97,0.00323
000008,2011-01-31,12.06,0.00393
000008,2011-02-24,13.1,0.00432
000008,2011-03-31,11.78,0.003581
000008,2011-04-29,12.25,0.003592
000008,2011-05-31,11.29,0.003795
000008,2011-06-30,12.38,0.004514
000008,2011-07-29,12.63,0.005108
000008,2011-08-31,12.15,0.004642
000008,2011-09-30,10.42,0.004687
000008,2011-10-31,10.86,0.0047
000008,2011-11-30,9.95,0.004731
000008,2011-12-30,6.97,0.004565
000008,2012-01-31,7.02,0.004565
000008,2012-02-03,7.72,0.004446
000008,2012-03-29,9.38,0.004208
000008,2012-04-27,8.74,0.004006
000008,2012-05-31,10.14,0.003739
000008,2012-06-29,11.43,0.003415
000008,2012-07-31,9.6,0.003225
000008,2012-08-31,11.25,0.003031
000008,2012-09-28,11,0.003047
000008,2012-10-31,11.14,0.003083
000008,2012-11-30,9.82,0.00314
000008,2012-12-31,10.73,0.00322
000008,2013-01-31,12.31,0.003246
000008,2013-02-28,13.79,0.00324
000008,2013-03-29,14.77,0.003236
000008,2013-04-26,13.7,0.003235
000008,2013-05-31,8.72,0.003235
000008,2013-06-28,8.22,0.004241
000008,2013-07-31,9.02,0.003972
000008,2013-08-30,8.9,0.00388
000008,2013-09-30,9.61,0.003884
000008,2013-10-31,9.51,0.003897
000008,2013-11-29,10.05,0.00392
000008,2013-12-31,9,0.004417
000008,2014-01-30,8.57,0.004654
000008,2014-02-28,9.61,0.004657
000008,2014-03-31,9.5,0.004587
000008,2014-04-30,9.28,0.004582
000008,2014-05-30,8.75,0.004369
000008,2014-06-24,8.4,0.003998
000008,2014-07-31,8.4,
000008,2014-08-29,8.4,
000008,2014-09-30,16.15,0.003849
000008,2014-10-31,20.15,0.003758
000008,2014-11-28,24.37,0.003559
000008,2014-12-31,22.09,0.003884
000008,2015-01-30,25.47,0.004126
000008,2015-02-27,25.88,0.004087
000008,2015-03-11,38.96,0.004083
000008,2015-04-30,38.96,
000008,2015-05-29,38.96,
000008,2015-06-30,38.96,
000008,2015-07-31,27.32,0.002644
000008,2015-08-31,23.5,0.002592
000008,2015-09-30,8.3,0.002602
000008,2015-10-30,13.04,0.002618
000008,2015-11-30,11.8,0.002534
000008,2015-12-31,11.78,0.002549
000008,2016-01-29,8.38,0.002544
000008,2016-02-29,7.3,0.002504
000008,2016-03-31,10.81,0.002341
000008,2016-04-29,10.72,0.002381
000008,2016-05-31,11.56,0.00243
000008,2016-06-30,10.89,0.002461
000008,2016-07-29,10.03,0.002413
000008,2016-08-31,9.45,0.002338
000008,2016-09-30,9.69,0.002327
000008,2016-10-31,9.81,0.002339
000008,2016-11-30,10.06,0.002433
000008,2016-12-30,9.32,0.002643
000008,2017-01-26,8.71,0.003047
000008,2017-02-28,8.76,0.003466
000008,2017-03-31,8.74,0.003623
000008,2017-04-28,8.08,0.003579
000008,2017-05-31,7.09,0.003699
000008,2017-06-30,7.28,0.003895
000008,2017-07-31,7.54,0.003596
000008,2017-08-31,8.06,0.003602
000008,2017-09-29,9.03,0.00365
000008,2017-10-31,9.18,0.003641
000008,2017-11-30,8.48,0.003798
000008,2017-12-29,8.75,0.00403
000008,2018-01-31,8.28,0.003924
000008,2018-02-28,7.56,0.003924
000008,2018-03-30,6.84,0.003899
000008,2018-04-16,6.01,0.003464
000008,2018-05-31,5.58,0.003425
000008,2018-06-05,5.01,0.003597
000008,2018-07-31,5.01,
000008,2018-08-31,3.9,0.002402
000008,2018-09-28,4.4,0.002368
000008,2018-10-31,4.41,0.002386
000008,2018-11-30,3.76,0.002526
000008,2018-12-28,3.89,0.002664
000008,2019-01-31,3.64,0.002511
000008,2019-02-28,4.67,0.002357
000008,2019-03-29,4.62,0.002325
000008,2019-04-30,4.29,0.002339
000008,2019-05-31,3.81,0.002423
000008,2019-06-28,3.77,0.002404
000008,2019-07-31,3.61,0.002185
000008,2019-08-30,3.46,0.002218
000008,2019-09-30,3.43,0.002261
000008,2019-10-31,3.43,0.002304
000008,2019-11-29,3.51,0.00249
000008,2019-12-31,3.63,0.002524
000008,2020-01-23,3.42,0.002403
000008,2020-02-28,3.12,0.002178
000008,2020-03-31,3.14,0.001796
000008,2020-04-30,3.18,0.001279
000008,2020-05-29,2.99,0.001172
000008,2020-06-30,2.94,0.001589
000008,2020-07-31,3.04,0.001932
000008,2020-08-31,3.05,0.002171
000008,2020-09-30,2.88,0.002231
000008,2020-10-30,2.69,0.002332
000008,2020-11-30,2.72,0.002524
000008,2020-12-31,2.54,0.002439
000008,2021-01-29,2.48,0.002205
000008,2021-02-26,2.35,0.002342
000008,2021-03-31,2.29,0.002261
000008,2021-04-30,2.24,0.002173
000008,2021-05-31,2.26,0.002102
000008,2021-06-30,2.22,0.00204
000008,2021-07-30,2.04,0.002015
000008,2021-08-31,2.23,0.001969
000008,2021-09-30,2.25,0.00198
000008,2021-10-29,2.18,0.002027
000008,2021-11-30,2.17,0.002055
000008,2021-12-31,2.94,0.002079
,,,
,,,
,,,
,,,
,,,
,,,
,,,
,,,
,,,
,,,
,,,
,,,
,,,
,,,
,,,
