股票代码_Stkcd,日期_Date,月收益率_Monret,月无风险收益率_Monrfret
600037,2001-02-28,,
600037,2001-03-30,0.0902,0.00165
600037,2001-04-30,0.1158,0.00165
600037,2001-05-31,-0.0234,0.00165
600037,2001-06-29,-0.0082,0.00165
600037,2001-07-31,-0.1176,0.00165
600037,2001-08-31,-0.0162,0.00165
600037,2001-09-28,0.0195,0.00165
600037,2001-10-31,-0.0647,0.00165
600037,2001-11-30,0.0371,0.00165
600037,2001-12-31,-0.0779,0.00165
600037,2002-01-31,-0.1329,0.00165
600037,2002-02-28,0.0489,0.001586
600037,2002-03-29,-0.0333,0.001425
600037,2002-04-30,0.055,0.001425
600037,2002-05-31,-0.0872,0.001425
600037,2002-06-28,0.0664,0.001425
600037,2002-07-31,0.0364,0.001425
600037,2002-08-30,-0.0209,0.001656
600037,2002-09-27,-0.0558,0.001852
600037,2002-10-31,-0.1028,0.001892
600037,2002-11-29,0.0111,0.001892
600037,2002-12-31,-0.0275,0.001892
600037,2003-01-29,0.1175,0.001892
600037,2003-02-28,-0.0379,0.001892
600037,2003-03-31,-0.0389,0.001892
600037,2003-04-30,-0.0148,0.001886
600037,2003-05-30,0.1127,0.001823
600037,2003-06-30,0.0434,0.001891
600037,2003-07-31,0.0755,0.001945
600037,2003-08-29,-0.0971,0.001964
600037,2003-09-30,-0.0902,0.002225
600037,2003-10-31,0.0065,0.002246
600037,2003-11-28,-0.1201,0.002251
600037,2003-12-31,0.0713,0.002046
600037,2004-01-30,0.2049,0.002046
600037,2004-02-27,0.0176,0.001888
600037,2004-03-31,0.0978,0.001682
600037,2004-04-30,-0.0742,0.001776
600037,2004-05-31,-0.029,0.00202
600037,2004-06-30,-0.157,0.002354
600037,2004-07-30,0.0641,0.002402
600037,2004-08-31,-0.0341,0.002377
600037,2004-09-30,0.037,0.002008
600037,2004-10-29,0.0106,0.00209
600037,2004-11-30,0.059,0.002086
600037,2004-12-31,0.0637,0.002035
600037,2005-01-31,-0.0493,0.002085
600037,2005-02-28,0.0125,0.00196
600037,2005-03-31,-0.173,0.001454
600037,2005-04-29,-0.0066,0.000954
600037,2005-05-31,-0.1338,0.000967
600037,2005-06-30,0.1226,0.00094
600037,2005-07-29,0.0851,0.000952
600037,2005-08-31,0.1365,0.000895
600037,2005-09-30,0.0567,0.00093
600037,2005-10-31,0.0504,0.000969
600037,2005-11-30,-0.0509,0.001173
600037,2005-12-30,0.1517,0.001507
600037,2006-01-20,0.1663,0.001507
600037,2006-02-16,-0.085,0.001466
600037,2006-03-31,-0.1621,0.001453
600037,2006-04-28,0.1317,0.001548
600037,2006-05-31,-0.0664,0.001672
600037,2006-06-30,0.0592,0.001811
600037,2006-07-31,-0.076,0.001981
600037,2006-08-31,0.0551,0.002051
600037,2006-09-29,0.0438,0.002067
600037,2006-10-31,0.172,0.002167
600037,2006-11-30,0.1468,0.002289
600037,2006-12-29,0.2331,0.00234
600037,2007-01-31,0.2731,0.00234
600037,2007-02-28,-0.1678,0.002374
600037,2007-03-30,0.1386,0.002364
600037,2007-04-30,0.1477,0.002427
600037,2007-05-31,0.2891,0.002487
600037,2007-06-29,-0.0538,0.002551
600037,2007-07-31,0.1371,0.00262
600037,2007-08-31,0.2019,0.002682
600037,2007-09-28,-0.0864,0.002934
600037,2007-10-31,-0.1435,0.00325
600037,2007-11-30,-0.1189,0.003545
600037,2007-12-28,0.2744,0.003643
600037,2008-01-31,-0.1711,0.003731
600037,2008-02-29,0.01,0.003753
600037,2008-03-31,-0.2249,0.003751
600037,2008-04-30,-0.0294,0.003745
600037,2008-05-30,-0.1157,0.003743
600037,2008-06-30,-0.2496,0.003732
600037,2008-07-31,-0.0228,0.003682
600037,2008-08-29,-0.2259,0.003604
600037,2008-09-26,0.0543,0.003591
600037,2008-10-31,-0.1937,0.003522
600037,2008-11-28,0.0521,0.003063
600037,2008-12-31,0.0675,0.001908
600037,2009-01-23,0,0.001256
600037,2009-02-27,-0.0179,0.001088
600037,2009-03-31,0.1019,0.001041
600037,2009-04-30,0.0282,0.001013
600037,2009-05-26,0.1127,0.00101
600037,2009-06-30,-0.0077,0.001043
600037,2009-07-31,0.093,0.001227
600037,2009-08-31,-0.1733,0.001435
600037,2009-09-30,0.0106,0.001459
600037,2009-10-30,0.1922,0.001481
600037,2009-11-30,0.1157,0.001499
600037,2009-12-31,0.015,0.001516
600037,2010-01-29,0.1931,0.001553
600037,2010-02-26,-0.0608,0.001604
600037,2010-03-31,-0.0245,0.001619
600037,2010-04-30,0.0625,0.001616
600037,2010-05-31,-0.057,0.001646
600037,2010-06-30,-0.1094,0.002004
600037,2010-07-30,0.0477,0.002134
600037,2010-08-31,-0.0379,0.002055
600037,2010-09-30,-0.0287,0.00213
600037,2010-10-29,0.1255,0.002246
600037,2010-11-30,-0.1213,0.002446
600037,2010-12-31,-0.0672,0.00323
600037,2011-01-31,-0.0256,0.00393
600037,2011-02-28,0.0542,0.00432
600037,2011-03-31,-0.0249,0.003581
600037,2011-04-29,-0.0543,0.003592
600037,2011-05-31,-0.0963,0.003795
600037,2011-06-30,-0.0383,0.004514
600037,2011-07-29,-0.0157,0.005108
600037,2011-08-31,-0.0459,0.004642
600037,2011-09-30,-0.0878,0.004687
600037,2011-10-31,0.2016,0.0047
600037,2011-11-30,-0.0982,0.004731
600037,2011-12-30,-0.1554,0.004565
600037,2012-01-31,0.0313,0.004565
600037,2012-02-29,0.0752,0.004446
600037,2012-03-30,-0.0982,0.004208
600037,2012-04-27,0.0338,0.004006
600037,2012-05-31,0.0194,0.003739
600037,2012-06-29,-0.095,0.003415
600037,2012-07-31,-0.0505,0.003225
600037,2012-08-31,-0.0615,0.003031
600037,2012-09-28,-0.0566,0.003047
600037,2012-10-31,0.0079,0.003083
600037,2012-11-30,-0.0674,0.00314
600037,2012-12-31,0.1261,0.00322
600037,2013-01-31,0.0254,0.003246
600037,2013-02-28,0.0204,0.00324
600037,2013-03-29,-0.0899,0.003236
600037,2013-04-26,-0.0219,0.003235
600037,2013-05-31,0.2228,0.003235
600037,2013-06-28,-0.1927,0.004241
600037,2013-07-31,0.1271,0.003972
600037,2013-08-30,0.041,0.00388
600037,2013-09-30,0.3432,0.003884
600037,2013-10-31,-0.1466,0.003897
600037,2013-11-29,0.0712,0.00392
600037,2013-12-31,-0.1077,0.004417
600037,2014-01-30,0.1297,0.004654
600037,2014-02-28,-0.0375,0.004657
600037,2014-03-31,-0.0425,0.004587
600037,2014-04-30,0.2195,0.004582
600037,2014-05-30,0.0303,0.004369
600037,2014-06-30,0.0324,0.003998
600037,2014-07-31,0.0209,0.003955
600037,2014-08-29,0.1137,0.003905
600037,2014-09-30,0.2414,0.003849
600037,2014-10-31,0.0435,0.003758
600037,2014-11-28,-0.0039,0.003559
600037,2014-12-31,-0.0523,0.003884
600037,2015-01-27,0.265,0.004126
600037,2015-02-27,,
600037,2015-03-31,0.4637,0.004083
600037,2015-04-30,0.1435,0.003838
600037,2015-05-29,0.2324,0.002815
600037,2015-06-30,-0.1621,0.002524
600037,2015-07-31,-0.1454,0.002644
600037,2015-08-31,-0.3146,0.002592
600037,2015-09-30,-0.0266,0.002602
600037,2015-10-30,0.3346,0.002618
600037,2015-11-30,-0.0442,0.002534
600037,2015-12-31,-0.0602,0.002549
600037,2016-01-29,-0.2782,0.002544
600037,2016-02-29,-0.1384,0.002504
600037,2016-03-31,0.1837,0.002341
600037,2016-04-29,-0.0479,0.002381
600037,2016-05-31,0.0099,0.00243
600037,2016-06-30,0.01,0.002461
600037,2016-07-29,0.1052,0.002413
600037,2016-08-31,0.0785,0.002338
600037,2016-09-30,-0.0894,0.002327
600037,2016-10-31,-0.0079,0.002339
600037,2016-11-30,0.0269,0.002433
600037,2016-12-30,-0.0892,0.002643
600037,2017-01-26,-0.0137,0.003047
600037,2017-02-28,0.0404,0.003466
600037,2017-03-31,-0.0369,0.003623
600037,2017-04-28,0.0152,0.003579
600037,2017-05-31,-0.0677,0.003699
600037,2017-06-30,0.0286,0.003895
600037,2017-07-31,-0.0309,0.003596
600037,2017-08-31,0.0602,0.003602
600037,2017-09-29,-0.0134,0.00365
600037,2017-10-31,-0.0183,0.003641
600037,2017-11-30,-0.0041,0.003798
600037,2017-12-29,-0.0998,0.00403
600037,2018-01-31,-0.0192,0.003924
600037,2018-02-28,-0.0408,0.003924
600037,2018-03-30,0.054,0.003899
600037,2018-04-27,-0.0629,0.003464
600037,2018-05-31,-0.0174,0.003425
600037,2018-06-29,-0.1147,0.003597
600037,2018-07-31,-0.0407,0.003002
600037,2018-08-31,-0.0404,0.002402
600037,2018-09-28,0.0389,0.002368
600037,2018-10-31,-0.1155,0.002386
600037,2018-11-30,0.0745,0.002526
600037,2018-12-28,-0.0842,0.002664
600037,2019-01-31,0.0186,0.002511
600037,2019-02-28,0.2217,0.002357
600037,2019-03-29,0.1076,0.002325
600037,2019-04-30,-0.0811,0.002339
600037,2019-05-31,-0.0551,0.002423
600037,2019-06-28,0.0146,0.002404
600037,2019-07-31,-0.041,0.002185
600037,2019-08-30,-0.0346,0.002218
600037,2019-09-30,-0.0179,0.002261
600037,2019-10-31,-0.0386,0.002304
600037,2019-11-29,-0.0435,0.00249
600037,2019-12-31,0.0513,0.002524
600037,2020-01-23,0.0133,0.002403
600037,2020-02-28,0.0394,0.002178
600037,2020-03-31,-0.0864,0.001796
600037,2020-04-30,-0.0265,0.001279
600037,2020-05-26,0.2204,0.001172
600037,2020-06-30,0.5398,0.001589
600037,2020-07-31,-0.1329,0.001932
600037,2020-08-31,0.0577,0.002171
600037,2020-09-30,-0.1865,0.002231
600037,2020-10-30,-0.0344,0.002332
600037,2020-11-30,-0.0411,0.002524
600037,2020-12-31,-0.1238,0.002439
600037,2021-01-29,-0.0587,0.002205
600037,2021-02-26,-0.0393,0.002342
600037,2021-03-31,0.0661,0.002261
600037,2021-04-30,0.009,0.002173
600037,2021-05-31,0.1419,0.002102
600037,2021-06-30,-0.0597,0.00204
600037,2021-07-30,-0.1353,0.002015
600037,2021-08-31,0.0157,0.001969
600037,2021-09-30,-0.0655,0.00198
600037,2021-10-29,-0.0433,0.002027
600037,2021-11-30,0.012,0.002055
600037,2021-12-31,0.1421,0.002079
600148,2000-01-28,0.177,0.00165
600148,2000-02-29,0.0399,0.00165
600148,2000-03-31,0.118,0.00165
600148,2000-04-28,0.0312,0.00165
600148,2000-05-31,0.0118,0.00165
600148,2000-06-30,-0.0195,0.00165
600148,2000-07-31,0.0504,0.00165
600148,2000-08-31,-0.072,0.00165
600148,2000-09-29,-0.0837,0.00165
600148,2000-10-31,0.0052,0.00165
600148,2000-11-30,0.0487,0.00165
600148,2000-12-29,0.0345,0.00165
600148,2001-01-19,-0.0197,0.00165
600148,2001-02-28,-0.0898,0.00165
600148,2001-03-30,0.0769,0.00165
600148,2001-04-30,-0.0195,0.00165
600148,2001-05-31,0.142,0.00165
600148,2001-06-29,-0.0019,0.00165
600148,2001-07-31,-0.1068,0.00165
600148,2001-08-31,0.0022,0.00165
600148,2001-09-28,-0.0356,0.00165
600148,2001-10-31,-0.198,0.00165
600148,2001-11-30,0.0742,0.00165
600148,2001-12-31,-0.0726,0.00165
600148,2002-01-31,-0.1942,0.00165
600148,2002-02-28,0.0246,0.001586
600148,2002-03-29,0.1164,0.001425
600148,2002-04-30,0.1483,0.001425
600148,2002-05-31,-0.1104,0.001425
600148,2002-06-28,0.0518,0.001425
600148,2002-07-31,0.0191,0.001425
600148,2002-08-30,0.0178,0.001656
600148,2002-09-27,-0.0681,0.001852
600148,2002-10-31,-0.0138,0.001892
600148,2002-11-29,-0.1212,0.001892
600148,2002-12-31,-0.0388,0.001892
600148,2003-01-29,0.0996,0.001892
600148,2003-02-28,0.0205,0.001892
600148,2003-03-31,0.0063,0.001892
600148,2003-04-30,-0.0935,0.001886
600148,2003-05-30,0.0081,0.001823
600148,2003-06-30,-0.0471,0.001891
600148,2003-07-31,-0.0717,0.001945
600148,2003-08-29,-0.0236,0.001964
600148,2003-09-30,-0.0469,0.002225
600148,2003-10-31,-0.0591,0.002246
600148,2003-11-28,0.0075,0.002251
600148,2003-12-31,-0.0623,0.002046
600148,2004-01-30,0.1203,0.002046
600148,2004-02-27,0.0706,0.001888
600148,2004-03-31,0.0145,0.001682
600148,2004-04-30,-0.0897,0.001776
600148,2004-05-31,-0.0186,0.00202
600148,2004-06-30,-0.0539,0.002354
600148,2004-07-30,-0.1446,0.002402
600148,2004-08-31,-0.0566,0.002377
600148,2004-09-30,0.0754,0.002008
600148,2004-10-29,-0.1241,0.00209
600148,2004-11-30,0.0411,0.002086
600148,2004-12-31,-0.0809,0.002035
600148,2005-01-31,-0.0107,0.002085
600148,2005-02-28,0.0239,0.00196
600148,2005-03-31,-0.1631,0.001454
600148,2005-04-29,-0.0861,0.000954
600148,2005-05-31,-0.0111,0.000967
600148,2005-06-30,-0.0905,0.00094
600148,2005-07-29,-0.162,0.000952
600148,2005-08-31,0.3532,0.000895
600148,2005-09-30,-0.0687,0.00093
600148,2005-10-31,-0.0472,0.000969
600148,2005-11-30,-0.0062,0.001173
600148,2005-12-30,-0.0031,0.001507
600148,2006-01-25,0.0125,0.001507
600148,2006-02-28,0.034,0.001466
600148,2006-03-31,0.0149,0.001453
600148,2006-04-28,0.0412,0.001548
600148,2006-05-26,0.2797,0.001672
600148,2006-06-14,0.0711,0.001811
600148,2006-07-31,-0.2029,0.001981
600148,2006-08-31,0.1013,0.002051
600148,2006-09-29,-0.0401,0.002067
600148,2006-10-31,0.0147,0.002167
600148,2006-11-30,-0.0169,0.002289
600148,2006-12-29,0.0246,0.00234
600148,2007-01-31,0.1971,0.00234
600148,2007-02-28,0.2811,0.002374
600148,2007-03-30,0.1317,0.002364
600148,2007-04-30,0.5,0.002427
600148,2007-05-31,0.2825,0.002487
600148,2007-06-01,0.1001,0.002551
600148,2007-07-31,,
600148,2007-08-31,0.0201,0.002682
600148,2007-09-28,-0.157,0.002934
600148,2007-10-31,-0.0939,0.00325
600148,2007-11-30,-0.0489,0.003545
600148,2007-12-28,0.124,0.003643
600148,2008-01-31,-0.1403,0.003731
600148,2008-02-29,0.1118,0.003753
600148,2008-03-31,-0.1674,0.003751
600148,2008-04-30,-0.2356,0.003745
600148,2008-05-30,-0.0233,0.003743
600148,2008-06-30,-0.2812,0.003732
600148,2008-07-31,0.167,0.003682
600148,2008-08-29,-0.2258,0.003604
600148,2008-09-26,-0.0801,0.003591
600148,2008-10-31,-0.2254,0.003522
600148,2008-11-28,0.2565,0.003063
600148,2008-12-31,0.0849,0.001908
600148,2009-01-23,0.1564,0.001256
600148,2009-02-27,0.0768,0.001088
600148,2009-03-31,0.1902,0.001041
600148,2009-04-30,0.1583,0.001013
600148,2009-05-27,0.1059,0.00101
600148,2009-06-30,0.0067,0.001043
600148,2009-07-31,0.0653,0.001227
600148,2009-08-31,-0.0997,0.001435
600148,2009-09-22,0.1223,0.001459
600148,2009-10-30,0.1788,0.001481
600148,2009-11-30,-0.0244,0.001499
600148,2009-12-31,0.0483,0.001516
600148,2010-01-29,-0.1714,0.001553
600148,2010-02-26,0.0792,0.001604
600148,2010-03-31,0.1287,0.001619
600148,2010-04-30,-0.141,0.001616
600148,2010-05-31,0.0305,0.001646
600148,2010-06-30,-0.1803,0.002004
600148,2010-07-30,0.1525,0.002134
600148,2010-08-31,0.0879,0.002055
600148,2010-09-30,0.0065,0.00213
600148,2010-10-29,0.1125,0.002246
600148,2010-11-30,0.1642,0.002446
600148,2010-12-31,-0.0164,0.00323
600148,2011-01-31,-0.1231,0.00393
600148,2011-02-28,0.2568,0.00432
600148,2011-03-31,-0.0329,0.003581
600148,2011-04-29,-0.038,0.003592
600148,2011-05-31,0.041,0.003795
600148,2011-06-30,-0.1052,0.004514
600148,2011-07-29,0.0516,0.005108
600148,2011-08-31,-0.1002,0.004642
600148,2011-09-30,-0.1162,0.004687
600148,2011-10-31,-0.0218,0.0047
600148,2011-11-30,-0.0528,0.004731
600148,2011-12-30,-0.1937,0.004565
600148,2012-01-31,0.0121,0.004565
600148,2012-02-29,0.1127,0.004446
600148,2012-03-30,0.0172,0.004208
600148,2012-04-27,0.1123,0.004006
600148,2012-05-31,-0.0629,0.003739
600148,2012-06-29,-0.1463,0.003415
600148,2012-07-31,-0.0995,0.003225
600148,2012-08-31,0.0013,0.003031
600148,2012-09-28,-0.0053,0.003047
600148,2012-10-31,0.0067,0.003083
600148,2012-11-30,-0.1262,0.00314
600148,2012-12-31,0.0821,0.00322
600148,2013-01-31,0.0478,0.003246
600148,2013-02-28,0.0013,0.00324
600148,2013-03-29,0.0455,0.003236
600148,2013-04-26,-0.1191,0.003235
600148,2013-05-31,0.1483,0.003235
600148,2013-06-28,-0.2101,0.004241
600148,2013-07-31,0.0513,0.003972
600148,2013-08-30,0.1418,0.00388
600148,2013-09-30,0.0481,0.003884
600148,2013-10-31,0.0446,0.003897
600148,2013-11-29,0.2415,0.00392
600148,2013-12-31,-0.0717,0.004417
600148,2014-01-30,-0.0254,0.004654
600148,2014-02-28,0.0641,0.004657
600148,2014-03-31,-0.0633,0.004587
600148,2014-04-30,0.1808,0.004582
600148,2014-05-30,-0.0277,0.004369
600148,2014-06-30,0.0761,0.003998
600148,2014-07-31,0.2216,0.003955
600148,2014-08-29,0.0435,0.003905
600148,2014-09-30,0.1787,0.003849
600148,2014-10-31,0.5959,0.003758
600148,2014-11-28,-0.2214,0.003559
600148,2014-12-31,-0.0997,0.003884
600148,2015-01-30,0.0812,0.004126
600148,2015-02-27,0.0385,0.004087
600148,2015-03-31,0.1047,0.004083
600148,2015-04-30,0.1165,0.003838
600148,2015-05-29,0.1196,0.002815
600148,2015-06-30,-0.1785,0.002524
600148,2015-07-31,0.2065,0.002644
600148,2015-08-31,-0.0224,0.002592
600148,2015-09-30,-0.0602,0.002602
600148,2015-10-30,0.1214,0.002618
600148,2015-11-30,-0.0608,0.002534
600148,2015-12-31,-0.026,0.002549
600148,2016-01-29,-0.3584,0.002544
600148,2016-02-29,0.0615,0.002504
600148,2016-03-31,0.1765,0.002341
600148,2016-04-29,0.0018,0.002381
600148,2016-05-31,-0.091,0.00243
600148,2016-06-30,0.1032,0.002461
600148,2016-07-29,-0.0286,0.002413
600148,2016-08-31,0.0598,0.002338
600148,2016-09-30,0.0057,0.002327
600148,2016-10-31,0.0934,0.002339
600148,2016-11-30,0.1632,0.002433
600148,2016-12-30,-0.0352,0.002643
600148,2017-01-26,0.5116,0.003047
600148,2017-02-28,-0.1019,0.003466
600148,2017-03-31,-0.095,0.003623
600148,2017-04-28,-0.2088,0.003579
600148,2017-05-31,-0.2051,0.003699
600148,2017-06-30,0.1581,0.003895
600148,2017-07-31,0.3597,0.003596
600148,2017-08-31,-0.0578,0.003602
600148,2017-09-29,-0.0748,0.00365
600148,2017-10-31,-0.101,0.003641
600148,2017-11-30,-0.0821,0.003798
600148,2017-12-29,0.0041,0.00403
600148,2018-01-31,-0.1362,0.003924
600148,2018-02-12,-0.0871,0.003924
600148,2018-03-30,,
600148,2018-04-27,,
600148,2018-05-31,,
600148,2018-06-29,,
600148,2018-07-31,0.0927,0.003002
600148,2018-08-31,-0.1791,0.002402
600148,2018-09-28,-0.0023,0.002368
600148,2018-10-31,-0.1441,0.002386
600148,2018-11-30,0.0216,0.002526
600148,2018-12-28,-0.0662,0.002664
600148,2019-01-31,-0.012,0.002511
600148,2019-02-28,0.1879,0.002357
600148,2019-03-29,0.1159,0.002325
600148,2019-04-30,-0.0839,0.002339
600148,2019-05-31,-0.1004,0.002423
600148,2019-06-28,0.0112,0.002404
600148,2019-07-31,0.0227,0.002185
600148,2019-08-30,-0.0337,0.002218
600148,2019-09-30,-0.0736,0.002261
600148,2019-10-31,-0.0333,0.002304
600148,2019-11-29,-0.0616,0.00249
600148,2019-12-31,0.043,0.002524
600148,2020-01-23,-0.0322,0.002403
600148,2020-02-28,-0.1263,0.002178
600148,2020-03-31,-0.0266,0.001796
600148,2020-04-30,0.2077,0.001279
600148,2020-05-29,0.0136,0.001172
600148,2020-06-30,0.0056,0.001589
600148,2020-07-31,0.1754,0.001932
600148,2020-08-31,0.0076,0.002171
600148,2020-09-30,-0.1084,0.002231
600148,2020-10-30,0.0438,0.002332
600148,2020-11-30,0.0555,0.002524
600148,2020-12-31,-0.068,0.002439
600148,2021-01-29,-0.1349,0.002205
600148,2021-02-26,0.0318,0.002342
600148,2021-03-31,0.0062,0.002261
600148,2021-04-30,0.0084,0.002173
600148,2021-05-31,-0.0205,0.002102
600148,2021-06-30,0.0031,0.00204
600148,2021-07-30,-0.0703,0.002015
600148,2021-08-31,0.1014,0.001969
600148,2021-09-30,-0.069,0.00198
600148,2021-10-29,-0.0124,0.002027
600148,2021-11-30,0.1593,0.002055
600148,2021-12-31,0.2604,0.002079
600163,2000-01-28,0.1762,0.00165
600163,2000-02-29,0.1227,0.00165
600163,2000-03-31,0.0756,0.00165
600163,2000-04-28,0.0284,0.00165
600163,2000-05-31,-0.0589,0.00165
600163,2000-06-30,0.0023,0.00165
600163,2000-07-31,0.0854,0.00165
600163,2000-08-31,-0.0653,0.00165
600163,2000-09-29,-0.0349,0.00165
600163,2000-10-31,0.009,0.00165
600163,2000-11-30,0.0513,0.00165
600163,2000-12-28,-0.0016,0.00165
600163,2001-01-19,0.0714,0.00165
600163,2001-02-28,-0.042,0.00165
600163,2001-03-30,0.0613,0.00165
600163,2001-04-30,-0.0406,0.00165
600163,2001-05-31,0.0208,0.00165
600163,2001-06-29,0.0349,0.00165
600163,2001-07-31,-0.1772,0.00165
600163,2001-08-31,-0.0709,0.00165
600163,2001-09-28,0.012,0.00165
600163,2001-10-31,-0.1055,0.00165
600163,2001-11-30,0.0346,0.00165
600163,2001-12-31,-0.0884,0.00165
600163,2002-01-31,-0.138,0.00165
600163,2002-02-28,0.0457,0.001586
600163,2002-03-29,0.0632,0.001425
600163,2002-04-30,0.0297,0.001425
600163,2002-05-31,-0.1798,0.001425
600163,2002-06-28,0.2206,0.001425
600163,2002-07-31,-0.0288,0.001425
600163,2002-08-30,0.0137,0.001656
600163,2002-09-27,-0.0732,0.001852
600163,2002-10-31,-0.0377,0.001892
600163,2002-11-29,-0.0808,0.001892
600163,2002-12-31,-0.0687,0.001892
600163,2003-01-29,0.0959,0.001892
600163,2003-02-28,0.0256,0.001892
600163,2003-03-31,-0.0512,0.001892
600163,2003-04-30,-0.112,0.001886
600163,2003-05-30,0.067,0.001823
600163,2003-06-30,-0.0788,0.001891
600163,2003-07-31,-0.0317,0.001945
600163,2003-08-29,-0.0592,0.001964
600163,2003-09-30,0.0234,0.002225
600163,2003-10-31,-0.1336,0.002246
600163,2003-11-28,0.0041,0.002251
600163,2003-12-31,-0.0121,0.002046
600163,2004-01-30,0.0225,0.002046
600163,2004-02-27,0.084,0.001888
600163,2004-03-31,0.1181,0.001682
600163,2004-04-30,-0.1832,0.001776
600163,2004-05-31,0.0242,0.00202
600163,2004-06-30,-0.1716,0.002354
600163,2004-07-30,-0.0119,0.002402
600163,2004-08-31,-0.053,0.002377
600163,2004-09-30,0.0916,0.002008
600163,2004-10-29,-0.1632,0.00209
600163,2004-11-30,0.0641,0.002086
600163,2004-12-31,-0.0576,0.002035
600163,2005-01-31,-0.0556,0.002085
600163,2005-02-28,0.0676,0.00196
600163,2005-03-31,-0.1157,0.001454
600163,2005-04-29,-0.0685,0.000954
600163,2005-05-31,0.01,0.000967
600163,2005-06-30,-0.0265,0.00094
600163,2005-07-29,-0.0646,0.000952
600163,2005-08-31,0.1455,0.000895
600163,2005-09-30,-0.073,0.00093
600163,2005-10-31,-0.0719,0.000969
600163,2005-11-30,0.0443,0.001173
600163,2005-12-30,0.0247,0.001507
600163,2006-01-25,0.0414,0.001507
600163,2006-02-28,0.0861,0.001466
600163,2006-03-03,-0.0091,0.001453
600163,2006-04-19,0.1108,0.001548
600163,2006-05-31,-0.0776,0.001672
600163,2006-06-30,0.0871,0.001811
600163,2006-07-31,-0.1547,0.001981
600163,2006-08-31,0.0033,0.002051
600163,2006-09-29,0.0554,0.002067
600163,2006-10-31,-0.0679,0.002167
600163,2006-11-30,0.0464,0.002289
600163,2006-12-29,0.0475,0.00234
600163,2007-01-31,0.2024,0.00234
600163,2007-02-28,0.206,0.002374
600163,2007-03-30,0.1688,0.002364
600163,2007-04-27,0.4332,0.002427
600163,2007-05-31,0.0187,0.002487
600163,2007-06-29,-0.2625,0.002551
600163,2007-07-31,0.2732,0.00262
600163,2007-08-31,0.0702,0.002682
600163,2007-09-28,0.0267,0.002934
600163,2007-10-31,-0.213,0.00325
600163,2007-11-30,-0.012,0.003545
600163,2007-12-28,0.1994,0.003643
600163,2008-01-31,-0.0051,0.003731
600163,2008-02-29,0.0969,0.003753
600163,2008-03-31,-0.0709,0.003751
600163,2008-04-30,0.0876,0.003745
600163,2008-05-30,0.0478,0.003743
600163,2008-06-30,-0.29,0.003732
600163,2008-07-31,0.1949,0.003682
600163,2008-08-29,-0.3223,0.003604
600163,2008-09-26,-0.0602,0.003591
600163,2008-10-31,-0.253,0.003522
600163,2008-11-28,0.1673,0.003063
600163,2008-12-31,-0.049,0.001908
600163,2009-01-23,0.114,0.001256
600163,2009-02-27,0.2277,0.001088
600163,2009-03-31,0.2849,0.001041
600163,2009-04-30,-0.1339,0.001013
600163,2009-05-27,0.0531,0.00101
600163,2009-06-30,0.0046,0.001043
600163,2009-07-31,0.1142,0.001227
600163,2009-08-31,-0.1967,0.001435
600163,2009-09-30,0.1199,0.001459
600163,2009-10-30,0.0478,0.001481
600163,2009-11-30,0.1543,0.001499
600163,2009-12-31,0.0151,0.001516
600163,2010-01-29,-0.0649,0.001553
600163,2010-02-26,0.1865,0.001604
600163,2010-03-31,-0.0418,0.001619
600163,2010-04-30,-0.0908,0.001616
600163,2010-05-31,-0.1651,0.001646
600163,2010-06-30,-0.0598,0.002004
600163,2010-07-30,0.1198,0.002134
600163,2010-08-31,-0.0066,0.002055
600163,2010-09-30,0.0681,0.00213
600163,2010-10-29,0.0206,0.002246
600163,2010-11-30,0.0988,0.002446
600163,2010-12-31,-0.1083,0.00323
600163,2011-01-31,0.0391,0.00393
600163,2011-02-28,0.2198,0.00432
600163,2011-03-31,-0.1088,0.003581
600163,2011-04-22,0.2404,0.003592
600163,2011-05-31,-0.2805,0.003795
600163,2011-06-30,-0.0184,0.004514
600163,2011-07-29,0.1102,0.005108
600163,2011-08-31,0.1386,0.004642
600163,2011-09-30,-0.0066,0.004687
600163,2011-10-28,0.0381,0.0047
600163,2011-11-30,0.075,0.004731
600163,2011-12-29,-0.1662,0.004565
600163,2012-01-31,-0.0018,0.004565
600163,2012-02-29,0.1141,0.004446
600163,2012-03-30,0.0656,0.004208
600163,2012-04-27,-0.003,0.004006
600163,2012-05-31,0.0663,0.003739
600163,2012-06-28,-0.2825,0.003415
600163,2012-07-31,-0.3524,0.003225
600163,2012-08-31,-0.0274,0.003031
600163,2012-09-28,0,0.003047
600163,2012-10-31,0.0406,0.003083
600163,2012-11-30,-0.0511,0.00314
600163,2012-12-31,0.2057,0.00322
600163,2013-01-31,-0.0367,0.003246
600163,2013-02-27,0.0681,0.00324
600163,2013-03-29,0.2883,0.003236
600163,2013-04-26,-0.1366,0.003235
600163,2013-05-31,0.1239,0.003235
600163,2013-06-28,-0.2041,0.004241
600163,2013-07-31,-0.041,0.003972
600163,2013-08-30,0.1979,0.00388
600163,2013-09-30,-0.0536,0.003884
600163,2013-10-31,-0.0283,0.003897
600163,2013-11-29,0.0049,0.00392
600163,2013-12-31,-0.1159,0.004417
600163,2014-01-30,-0.071,0.004654
600163,2014-02-28,0.0676,0.004657
600163,2014-03-31,0.0441,0.004587
600163,2014-04-30,-0.0317,0.004582
600163,2014-05-30,-0.0082,0.004369
600163,2014-06-30,0.044,0.003998
600163,2014-07-02,0,0.003955
600163,2014-08-29,,
600163,2014-09-30,,
600163,2014-10-31,,
600163,2014-11-28,,
600163,2014-12-31,0.3711,0.003884
600163,2015-01-30,0.0921,0.004126
600163,2015-02-27,-0.1054,0.004087
600163,2015-03-31,0.2318,0.004083
600163,2015-04-30,0.4338,0.003838
600163,2015-05-29,-0.0111,0.002815
600163,2015-06-30,-0.081,0.002524
600163,2015-07-31,-0.2093,0.002644
600163,2015-08-31,-0.0418,0.002592
600163,2015-09-30,-0.1454,0.002602
600163,2015-10-30,0.1758,0.002618
600163,2015-11-30,0.0627,0.002534
600163,2015-12-31,0.1074,0.002549
600163,2016-01-29,-0.2828,0.002544
600163,2016-02-29,0.0533,0.002504
600163,2016-03-31,0.0796,0.002341
600163,2016-04-29,-0.0754,0.002381
600163,2016-05-31,0.0163,0.00243
600163,2016-06-30,0,0.002461
600163,2016-07-29,-0.0339,0.002413
600163,2016-08-31,0.0111,0.002338
600163,2016-09-30,-0.0383,0.002327
600163,2016-10-31,0.0911,0.002339
600163,2016-11-30,-0.0191,0.002433
600163,2016-12-30,-0.0284,0.002643
600163,2017-01-26,0.0566,0.003047
600163,2017-02-28,0.0035,0.003466
600163,2017-03-31,0.0224,0.003623
600163,2017-04-28,-0.0875,0.003579
600163,2017-05-31,-0.1642,0.003699
600163,2017-06-30,0.0486,0.003895
600163,2017-07-31,-0.0232,0.003596
600163,2017-08-31,0.0043,0.003602
600163,2017-09-29,-0.0236,0.00365
600163,2017-10-31,-0.0154,0.003641
600163,2017-11-30,-0.1116,0.003798
600163,2017-12-29,0.0176,0.00403
600163,2018-01-31,0.0691,0.003924
600163,2018-02-28,-0.0046,0.003924
600163,2018-03-30,-0.0835,0.003899
600163,2018-04-27,-0.0709,0.003464
600163,2018-05-31,0.0463,0.003425
600163,2018-06-29,-0.1068,0.003597
600163,2018-07-31,0.0379,0.003002
600163,2018-08-31,-0.0646,0.002402
600163,2018-09-28,-0.015,0.002368
600163,2018-10-31,-0.122,0.002386
600163,2018-11-30,0.1285,0.002526
600163,2018-12-28,-0.0215,0.002664
600163,2019-01-31,-0.0031,0.002511
600163,2019-02-28,0.1987,0.002357
600163,2019-03-21,0.1684,0.002325
600163,2019-04-30,-0.0428,0.002339
600163,2019-05-31,0.08,0.002423
600163,2019-06-28,-0.0784,0.002404
600163,2019-07-31,-0.0827,0.002185
600163,2019-08-30,-0.0644,0.002218
600163,2019-09-30,-0.0165,0.002261
600163,2019-10-31,-0.0168,0.002304
600163,2019-11-29,-0.0798,0.00249
600163,2019-12-31,0.0712,0.002524
600163,2020-01-23,-0.0202,0.002403
600163,2020-02-28,-0.0649,0.002178
600163,2020-03-31,-0.0347,0.001796
600163,2020-04-30,0.0654,0.001279
600163,2020-05-29,0.0675,0.001172
600163,2020-06-30,-0.0115,0.001589
600163,2020-07-31,0.2151,0.001932
600163,2020-08-31,-0.0766,0.002171
600163,2020-09-30,-0.0337,0.002231
600163,2020-10-30,-0.0858,0.002332
600163,2020-11-30,0.044,0.002524
600163,2020-12-31,0.1629,0.002439
600163,2021-01-29,-0.0362,0.002205
600163,2021-02-26,0.0777,0.002342
600163,2021-03-31,0.1698,0.002261
600163,2021-04-30,-0.1252,0.002173
600163,2021-05-31,0.1068,0.002102
600163,2021-06-30,0.0144,0.00204
600163,2021-07-30,0.0607,0.002015
600163,2021-08-31,0.0782,0.001969
600163,2021-09-30,0.6814,0.00198
600163,2021-10-29,-0.1105,0.002027
600163,2021-11-30,-0.0071,0.002055
600163,2021-12-31,0.0453,0.002079
600446,2003-12-31,,
600446,2004-01-30,0.0335,0.002046
600446,2004-02-27,0.2521,0.001888
600446,2004-03-31,0.0168,0.001682
600446,2004-04-30,-0.2093,0.001776
600446,2004-05-31,0.0525,0.00202
600446,2004-06-30,-0.1501,0.002354
600446,2004-07-30,-0.22,0.002402
600446,2004-08-31,-0.1991,0.002377
600446,2004-09-30,0.064,0.002008
600446,2004-10-29,-0.0381,0.00209
600446,2004-11-30,0.1429,0.002086
600446,2004-12-31,-0.1177,0.002035
600446,2005-01-31,-0.1427,0.002085
600446,2005-02-28,0.0977,0.00196
600446,2005-03-31,-0.1286,0.001454
600446,2005-04-29,-0.0731,0.000954
600446,2005-05-31,0.0626,0.000967
600446,2005-06-30,0.0666,0.00094
600446,2005-07-29,-0.0928,0.000952
600446,2005-08-31,0.2005,0.000895
600446,2005-09-29,0.0875,0.00093
600446,2005-10-31,-0.047,0.000969
600446,2005-11-30,-0.0186,0.001173
600446,2005-12-30,0.0827,0.001507
600446,2006-01-25,-0.0609,0.001507
600446,2006-02-24,0.0198,0.001466
600446,2006-03-14,-0.014,0.001453
600446,2006-04-28,-0.1945,0.001548
600446,2006-05-31,0.3786,0.001672
600446,2006-06-30,0.2638,0.001811
600446,2006-07-31,0.3886,0.001981
600446,2006-08-31,0.0387,0.002051
600446,2006-09-29,-0.1091,0.002067
600446,2006-10-31,0.2764,0.002167
600446,2006-11-30,-0.0541,0.002289
600446,2006-12-29,0.0231,0.00234
600446,2007-01-31,0.2581,0.00234
600446,2007-02-28,0.0491,0.002374
600446,2007-03-30,0.0981,0.002364
600446,2007-04-30,0.1415,0.002427
600446,2007-05-31,-0.1406,0.002487
600446,2007-06-29,-0.3209,0.002551
600446,2007-07-31,0.1463,0.00262
600446,2007-08-31,0.0993,0.002682
600446,2007-09-28,-0.0887,0.002934
600446,2007-10-31,-0.1319,0.00325
600446,2007-11-30,-0.0092,0.003545
600446,2007-12-28,0.1708,0.003643
600446,2008-01-31,0.0518,0.003731
600446,2008-02-29,0.0485,0.003753
600446,2008-03-31,-0.2191,0.003751
600446,2008-04-30,-0.0694,0.003745
600446,2008-05-30,0.1283,0.003743
600446,2008-06-30,-0.276,0.003732
600446,2008-07-31,0.1302,0.003682
600446,2008-08-29,-0.2055,0.003604
600446,2008-09-26,-0.0762,0.003591
600446,2008-10-31,-0.2638,0.003522
600446,2008-11-28,0.1187,0.003063
600446,2008-12-31,0.0314,0.001908
600446,2009-01-23,0.3848,0.001256
600446,2009-02-27,0.132,0.001088
600446,2009-03-31,0.2442,0.001041
600446,2009-04-30,0.0801,0.001013
600446,2009-05-27,0.0244,0.00101
600446,2009-06-30,-0.0632,0.001043
600446,2009-07-31,0.131,0.001227
600446,2009-08-31,-0.2734,0.001435
600446,2009-09-30,0.0739,0.001459
600446,2009-10-30,0.1092,0.001481
600446,2009-11-30,0.2913,0.001499
600446,2009-12-31,0.1463,0.001516
600446,2010-01-29,-0.1064,0.001553
600446,2010-02-26,0.0052,0.001604
600446,2010-03-31,0.0518,0.001619
600446,2010-04-29,-0.0218,0.001616
600446,2010-05-31,-0.2432,0.001646
600446,2010-06-30,-0.0447,0.002004
600446,2010-07-30,0.0866,0.002134
600446,2010-08-31,0.098,0.002055
600446,2010-09-30,0.0817,0.00213
600446,2010-10-29,0.1742,0.002246
600446,2010-11-30,-0.0624,0.002446
600446,2010-12-31,-0.0168,0.00323
600446,2011-01-31,-0.0719,0.00393
600446,2011-02-28,0.0844,0.00432
600446,2011-03-31,0.0142,0.003581
600446,2011-04-29,-0.1082,0.003592
600446,2011-05-31,-0.1095,0.003795
600446,2011-06-30,0.0808,0.004514
600446,2011-07-29,0.2837,0.005108
600446,2011-08-31,-0.0659,0.004642
600446,2011-09-30,-0.1576,0.004687
600446,2011-10-31,0.0168,0.0047
600446,2011-11-30,0.0406,0.004731
600446,2011-12-30,-0.1098,0.004565
600446,2012-01-31,-0.0682,0.004565
600446,2012-02-29,0.1359,0.004446
600446,2012-03-30,-0.0675,0.004208
600446,2012-04-27,0.1184,0.004006
600446,2012-05-31,0.0162,0.003739
600446,2012-06-28,-0.1462,0.003415
600446,2012-07-31,-0.0322,0.003225
600446,2012-08-31,0.1664,0.003031
600446,2012-09-28,-0.0396,0.003047
600446,2012-10-31,0.0937,0.003083
600446,2012-11-30,-0.1321,0.00314
600446,2012-12-31,0.1171,0.00322
600446,2013-01-31,0.1317,0.003246
600446,2013-02-28,0.1997,0.00324
600446,2013-03-29,0.0055,0.003236
600446,2013-04-26,-0.0024,0.003235
600446,2013-05-31,0.2018,0.003235
600446,2013-06-28,0.0688,0.004241
600446,2013-07-31,0.2146,0.003972
600446,2013-08-30,-0.0325,0.00388
600446,2013-09-30,-0.0226,0.003884
600446,2013-10-31,0.0262,0.003897
600446,2013-11-29,0.1566,0.00392
600446,2013-12-31,-0.0271,0.004417
600446,2014-01-30,0.5955,0.004654
600446,2014-02-28,-0.0357,0.004657
600446,2014-03-24,0.1565,0.004587
600446,2014-04-30,-0.0939,0.004582
600446,2014-05-30,0.1387,0.004369
600446,2014-06-30,0.087,0.003998
600446,2014-07-31,-0.0059,0.003955
600446,2014-08-29,0.0782,0.003905
600446,2014-09-30,0.2513,0.003849
600446,2014-10-31,0.04,0.003758
600446,2014-11-28,0.3783,0.003559
600446,2014-12-31,-0.2068,0.003884
600446,2015-01-30,0.4409,0.004126
600446,2015-02-27,0.1534,0.004087
600446,2015-03-31,0.5633,0.004083
600446,2015-04-30,0.4693,0.003838
600446,2015-05-29,0.1628,0.002815
600446,2015-06-30,-0.4064,0.002524
600446,2015-07-03,-0.1775,0.002644
600446,2015-08-31,,
600446,2015-09-30,,
600446,2015-10-30,0.3305,0.002618
600446,2015-11-30,0.0422,0.002534
600446,2015-12-31,0.0488,0.002549
600446,2016-01-29,-0.3409,0.002544
600446,2016-02-29,-0.2344,0.002504
600446,2016-03-31,0.4911,0.002341
600446,2016-04-29,-0.1743,0.002381
600446,2016-05-31,0.011,0.00243
600446,2016-06-30,0.1657,0.002461
600446,2016-07-29,-0.1513,0.002413
600446,2016-08-31,0.0351,0.002338
600446,2016-09-30,-0.0693,0.002327
600446,2016-10-31,0.0466,0.002339
600446,2016-11-30,-0.0176,0.002433
600446,2016-12-30,-0.1684,0.002643
600446,2017-01-26,-0.076,0.003047
600446,2017-02-28,0.025,0.003466
600446,2017-03-31,-0.1155,0.003623
600446,2017-04-28,0.1392,0.003579
600446,2017-05-31,-0.2998,0.003699
600446,2017-06-30,0.0471,0.003895
600446,2017-07-31,-0.1101,0.003596
600446,2017-08-31,0.1665,0.003602
600446,2017-09-29,0.0948,0.00365
600446,2017-10-31,-0.1394,0.003641
600446,2017-11-30,-0.0994,0.003798
600446,2017-12-29,-0.0169,0.00403
600446,2018-01-31,0.031,0.003924
600446,2018-02-28,-0.057,0.003924
600446,2018-03-30,0.1148,0.003899
600446,2018-04-27,-0.0024,0.003464
600446,2018-05-31,-0.1411,0.003425
600446,2018-06-29,-0.2147,0.003597
600446,2018-07-31,-0.0618,0.003002
600446,2018-08-31,-0.0929,0.002402
600446,2018-09-28,0.0299,0.002368
600446,2018-10-31,-0.0591,0.002386
600446,2018-11-30,0.1476,0.002526
600446,2018-12-28,-0.0883,0.002664
600446,2019-01-31,0.1168,0.002511
600446,2019-02-28,0.7908,0.002357
600446,2019-03-29,0.2489,0.002325
600446,2019-04-30,-0.0219,0.002339
600446,2019-05-31,-0.1969,0.002423
600446,2019-06-28,0.0536,0.002404
600446,2019-07-31,0.0193,0.002185
600446,2019-08-30,0.0205,0.002218
600446,2019-09-30,0.023,0.002261
600446,2019-10-31,-0.033,0.002304
600446,2019-11-29,-0.0861,0.00249
600446,2019-12-31,0.1142,0.002524
600446,2020-01-23,-0.0024,0.002403
600446,2020-02-28,-0.058,0.002178
600446,2020-03-31,-0.1319,0.001796
600446,2020-04-30,0.0173,0.001279
600446,2020-05-29,-0.0568,0.001172
600446,2020-06-30,0.2042,0.001589
600446,2020-07-31,0.0056,0.001932
600446,2020-08-31,0.0318,0.002171
600446,2020-09-30,-0.102,0.002231
600446,2020-10-30,-0.0177,0.002332
600446,2020-11-30,0.0209,0.002524
600446,2020-12-31,-0.1044,0.002439
600446,2021-01-29,-0.0765,0.002205
600446,2021-02-26,0.0334,0.002342
600446,2021-03-31,-0.0595,0.002261
600446,2021-04-30,-0.0405,0.002173
600446,2021-05-31,0.0473,0.002102
600446,2021-06-30,-0.0071,0.00204
600446,2021-07-30,-0.1157,0.002015
600446,2021-08-31,-0.0321,0.001969
600446,2021-09-30,0.0405,0.00198
600446,2021-10-29,-0.014,0.002027
600446,2021-11-30,0.0891,0.002055
600446,2021-12-31,0.0369,0.002079
600004,2003-04-30,,
600004,2003-05-30,0.0418,0.001823
600004,2003-06-30,-0.0585,0.001891
600004,2003-07-31,0.0552,0.001945
600004,2003-08-29,-0.0218,0.001964
600004,2003-09-30,-0.0468,0.002225
600004,2003-10-31,-0.0398,0.002246
600004,2003-11-28,0.0122,0.002251
600004,2003-12-31,0.0722,0.002046
600004,2004-01-30,0.0527,0.002046
600004,2004-02-27,-0.0075,0.001888
600004,2004-03-31,0.0333,0.001682
600004,2004-04-30,-0.0146,0.001776
600004,2004-05-31,-0.0443,0.00202
600004,2004-06-30,-0.0861,0.002354
600004,2004-07-30,0.087,0.002402
600004,2004-08-31,-0.0124,0.002377
600004,2004-09-30,0.0478,0.002008
600004,2004-10-29,0.0228,0.00209
600004,2004-11-30,-0.0212,0.002086
600004,2004-12-31,-0.0607,0.002035
600004,2005-01-31,-0.0277,0.002085
600004,2005-02-28,0.0451,0.00196
600004,2005-03-31,-0.1466,0.001454
600004,2005-04-29,-0.0426,0.000954
600004,2005-05-30,-0.057,0.000967
600004,2005-06-30,0.1342,0.00094
600004,2005-07-29,0.1378,0.000952
600004,2005-08-31,-0.0224,0.000895
600004,2005-09-30,-0.0758,0.00093
600004,2005-10-21,0.0013,0.000969
600004,2005-11-11,0.039,0.001173
600004,2005-12-30,-0.1539,0.001507
600004,2006-01-25,-0.0251,0.001507
600004,2006-02-28,-0.0228,0.001466
600004,2006-03-31,-0.0373,0.001453
600004,2006-04-28,-0.0355,0.001548
600004,2006-05-31,0.0786,0.001672
600004,2006-06-30,0.0651,0.001811
600004,2006-07-31,-0.0553,0.001981
600004,2006-08-31,0.011,0.002051
600004,2006-09-29,0.0418,0.002067
600004,2006-10-31,0.0178,0.002167
600004,2006-11-30,0.0599,0.002289
600004,2006-12-29,0.0386,0.00234
600004,2007-01-31,0.2798,0.00234
600004,2007-02-28,0.1793,0.002374
600004,2007-03-30,0.0369,0.002364
600004,2007-04-30,0.2525,0.002427
600004,2007-05-31,0.1306,0.002487
600004,2007-06-28,0.1131,0.002551
600004,2007-07-31,0.0833,0.00262
600004,2007-08-31,0.0025,0.002682
600004,2007-09-28,-0.0519,0.002934
600004,2007-10-31,-0.0274,0.00325
600004,2007-11-30,0.0011,0.003545
600004,2007-12-28,0.1334,0.003643
600004,2008-01-31,-0.1177,0.003731
600004,2008-02-29,-0.0184,0.003753
600004,2008-03-31,-0.23,0.003751
600004,2008-04-30,0.1544,0.003745
600004,2008-05-30,-0.1579,0.003743
600004,2008-06-30,-0.2449,0.003732
600004,2008-07-31,0.0516,0.003682
600004,2008-08-29,0.0963,0.003604
600004,2008-09-26,0.066,0.003591
600004,2008-10-31,-0.4232,0.003522
600004,2008-11-28,-0.0418,0.003063
600004,2008-12-31,0.0262,0.001908
600004,2009-01-23,0.1163,0.001256
600004,2009-02-27,0.033,0.001088
600004,2009-03-31,0.1095,0.001041
600004,2009-04-30,-0.0222,0.001013
600004,2009-05-27,0.0238,0.00101
600004,2009-06-30,0.0598,0.001043
600004,2009-07-31,0.0763,0.001227
600004,2009-08-31,-0.1515,0.001435
600004,2009-09-30,0.0117,0.001459
600004,2009-10-30,0.0577,0.001481
600004,2009-11-30,0.0785,0.001499
600004,2009-12-31,0.0263,0.001516
600004,2010-01-29,0.0552,0.001553
600004,2010-02-26,0.0999,0.001604
600004,2010-03-31,-0.034,0.001619
600004,2010-04-30,-0.0975,0.001616
600004,2010-05-31,-0.1061,0.001646
600004,2010-06-30,-0.0381,0.002004
600004,2010-07-30,0.1518,0.002134
600004,2010-08-31,-0.0039,0.002055
600004,2010-09-30,-0.0324,0.00213
600004,2010-10-29,0.0785,0.002246
600004,2010-11-30,-0.132,0.002446
600004,2010-12-31,-0.0134,0.00323
600004,2011-01-31,-0.0272,0.00393
600004,2011-02-28,0.0082,0.00432
600004,2011-03-31,-0.0058,0.003581
600004,2011-04-29,-0.0012,0.003592
600004,2011-05-31,-0.057,0.003795
600004,2011-06-30,-0.0259,0.004514
600004,2011-07-29,-0.0127,0.005108
600004,2011-08-31,-0.0449,0.004642
600004,2011-09-30,-0.0014,0.004687
600004,2011-10-31,0.0224,0.0047
600004,2011-11-30,-0.0549,0.004731
600004,2011-12-30,-0.1016,0.004565
600004,2012-01-31,0.0436,0.004565
600004,2012-02-29,0.048,0.004446
600004,2012-03-30,-0.0044,0.004208
600004,2012-04-27,0.0475,0.004006
600004,2012-05-31,0.0042,0.003739
600004,2012-06-29,-0.0395,0.003415
600004,2012-07-31,-0.0279,0.003225
600004,2012-08-31,0.0319,0.003031
600004,2012-09-28,0.0433,0.003047
600004,2012-10-31,-0.0237,0.003083
600004,2012-11-30,-0.0228,0.00314
600004,2012-12-31,0.1009,0.00322
600004,2013-01-31,0.0691,0.003246
600004,2013-02-28,-0.0172,0.00324
600004,2013-03-29,-0.0725,0.003236
600004,2013-04-26,-0.0072,0.003235
600004,2013-05-31,0.0277,0.003235
600004,2013-06-28,-0.1078,0.004241
600004,2013-07-31,0.0111,0.003972
600004,2013-08-30,0.1227,0.00388
600004,2013-09-30,0,0.003884
600004,2013-10-31,0.0295,0.003897
600004,2013-11-29,0.023,0.00392
600004,2013-12-31,-0.0252,0.004417
600004,2014-01-30,-0.0331,0.004654
600004,2014-02-28,0.0521,0.004657
600004,2014-03-31,-0.0085,0.004587
600004,2014-04-30,-0.0157,0.004582
600004,2014-05-30,0.0116,0.004369
600004,2014-06-30,0.0086,0.003998
600004,2014-07-31,0.054,0.003955
600004,2014-08-29,0.0526,0.003905
600004,2014-09-30,0.1223,0.003849
600004,2014-10-31,0.0982,0.003758
600004,2014-11-28,0.0992,0.003559
600004,2014-12-31,0.0843,0.003884
600004,2015-01-30,0.0174,0.004126
600004,2015-02-27,0.027,0.004087
600004,2015-03-31,0.1226,0.004083
600004,2015-04-30,0.1638,0.003838
600004,2015-05-29,0.1622,0.002815
600004,2015-06-30,-0.0087,0.002524
600004,2015-07-31,-0.184,0.002644
600004,2015-08-31,-0.0769,0.002592
600004,2015-09-30,-0.0581,0.002602
600004,2015-10-30,0.1226,0.002618
600004,2015-11-30,-0.0149,0.002534
600004,2015-12-31,0.0732,0.002549
600004,2016-01-29,-0.142,0.002544
600004,2016-02-29,-0.0762,0.002504
600004,2016-03-31,0.0993,0.002341
600004,2016-04-29,-0.0306,0.002381
600004,2016-05-31,0.0183,0.00243
600004,2016-06-30,0.0016,0.002461
600004,2016-07-29,0.1077,0.002413
600004,2016-08-31,0.0398,0.002338
600004,2016-09-30,0.0014,0.002327
600004,2016-10-31,0.0593,0.002339
600004,2016-11-30,0.0048,0.002433
600004,2016-12-30,-0.0421,0.002643
600004,2017-01-26,0.0248,0.003047
600004,2017-02-28,0.0409,0.003466
600004,2017-03-31,0.0605,0.003623
600004,2017-04-28,0.0006,0.003579
600004,2017-05-31,0.0351,0.003699
600004,2017-06-30,0.1181,0.003895
600004,2017-07-31,0.0812,0.003596
600004,2017-08-31,-0.0081,0.003602
600004,2017-09-29,-0.0231,0.00365
600004,2017-10-31,0.0672,0.003641
600004,2017-11-30,0.0043,0.003798
600004,2017-12-29,0.0478,0.00403
600004,2018-01-31,0.1497,0.003924
600004,2018-02-28,-0.0314,0.003924
600004,2018-03-30,-0.0446,0.003899
600004,2018-04-27,-0.0269,0.003464
600004,2018-05-31,0.092,0.003425
600004,2018-06-29,-0.2124,0.003597
600004,2018-07-31,0.0779,0.003002
600004,2018-08-31,-0.1197,0.002402
600004,2018-09-28,0.0459,0.002368
600004,2018-10-31,-0.2334,0.002386
600004,2018-11-30,0.0347,0.002526
600004,2018-12-28,-0.0079,0.002664
600004,2019-01-31,0.1751,0.002511
600004,2019-02-28,0.0432,0.002357
600004,2019-03-29,0.1997,0.002325
600004,2019-04-30,0.0311,0.002339
600004,2019-05-31,0.0282,0.002423
600004,2019-06-28,0.1615,0.002404
600004,2019-07-31,-0.0313,0.002185
600004,2019-08-30,0.0703,0.002218
600004,2019-09-30,0.2005,0.002261
600004,2019-10-31,-0.1849,0.002304
600004,2019-11-29,-0.0874,0.00249
600004,2019-12-31,0.0449,0.002524
600004,2020-01-23,-0.1209,0.002403
600004,2020-02-28,0.0091,0.002178
600004,2020-03-31,-0.1893,0.001796
600004,2020-04-30,0.259,0.001279
600004,2020-05-29,0.0348,0.001172
600004,2020-06-30,-0.0679,0.001589
600004,2020-07-31,-0.0682,0.001932
600004,2020-08-31,0.082,0.002171
600004,2020-09-30,-0.1058,0.002231
600004,2020-10-30,-0.0779,0.002332
600004,2020-11-30,0.1976,0.002524
600004,2020-12-31,-0.0599,0.002439
600004,2021-01-29,-0.0241,0.002205
600004,2021-02-26,-0.0442,0.002342
600004,2021-03-31,0.0121,0.002261
600004,2021-04-30,-0.0885,0.002173
600004,2021-05-31,-0.0469,0.002102
600004,2021-06-30,-0.0354,0.00204
600004,2021-07-30,-0.2174,0.002015
600004,2021-08-31,0.0837,0.001969
600004,2021-09-30,0.1377,0.00198
600004,2021-10-29,0.1024,0.002027
600004,2021-11-30,-0.0963,0.002055
600004,2021-12-31,0.1271,0.002079
600097,2000-01-28,0.0075,0.00165
600097,2000-02-29,0.2064,0.00165
600097,2000-03-31,0.2411,0.00165
600097,2000-04-28,0.1543,0.00165
600097,2000-05-31,-0.0959,0.00165
600097,2000-06-30,-0.091,0.00165
600097,2000-07-31,-0.1709,0.00165
600097,2000-08-31,0.1826,0.00165
600097,2000-09-29,0.1045,0.00165
600097,2000-10-31,-0.1078,0.00165
600097,2000-11-30,0.0421,0.00165
600097,2000-12-29,-0.0314,0.00165
600097,2001-01-19,-0.0239,0.00165
600097,2001-02-28,-0.1297,0.00165
600097,2001-03-30,0.0982,0.00165
600097,2001-04-30,0.0472,0.00165
600097,2001-05-31,0.2277,0.00165
600097,2001-06-29,0.1384,0.00165
600097,2001-07-31,-0.1555,0.00165
600097,2001-08-31,-0.0301,0.00165
600097,2001-09-28,-0.0677,0.00165
600097,2001-10-31,0.037,0.00165
600097,2001-11-30,0.0043,0.00165
600097,2001-12-31,-0.0405,0.00165
600097,2002-01-31,-0.2313,0.00165
600097,2002-02-28,0.1427,0.001586
600097,2002-03-29,0.1283,0.001425
600097,2002-04-30,0.0404,0.001425
600097,2002-05-31,-0.051,0.001425
600097,2002-06-28,0.0341,0.001425
600097,2002-07-31,-0.0286,0.001425
600097,2002-08-30,0.0196,0.001656
600097,2002-09-27,-0.0237,0.001852
600097,2002-10-31,-0.0689,0.001892
600097,2002-11-29,-0.1375,0.001892
600097,2002-12-31,-0.0047,0.001892
600097,2003-01-29,0.0626,0.001892
600097,2003-02-28,-0.0134,0.001892
600097,2003-03-31,-0.0588,0.001892
600097,2003-04-30,-0.1326,0.001886
600097,2003-05-30,0.0875,0.001823
600097,2003-06-27,-0.0957,0.001891
600097,2003-07-31,-0.0631,0.001945
600097,2003-08-29,-0.0204,0.001964
600097,2003-09-30,-0.0663,0.002225
600097,2003-10-31,-0.1537,0.002246
600097,2003-11-28,0.0357,0.002251
600097,2003-12-31,0.009,0.002046
600097,2004-01-30,0.1397,0.002046
600097,2004-02-27,0.0561,0.001888
600097,2004-03-31,0.1173,0.001682
600097,2004-04-30,-0.1227,0.001776
600097,2004-05-31,-0.0113,0.00202
600097,2004-06-30,-0.1567,0.002354
600097,2004-07-30,-0.077,0.002402
600097,2004-08-31,0.0065,0.002377
600097,2004-09-30,-0.0065,0.002008
600097,2004-10-29,-0.0606,0.00209
600097,2004-11-30,0.1289,0.002086
600097,2004-12-31,-0.1204,0.002035
600097,2005-01-31,-0.0877,0.002085
600097,2005-02-28,0.1327,0.00196
600097,2005-03-31,-0.1511,0.001454
600097,2005-04-29,-0.14,0.000954
600097,2005-05-31,-0.0512,0.000967
600097,2005-06-30,-0.0049,0.00094
600097,2005-07-29,-0.0468,0.000952
600097,2005-08-31,0.1757,0.000895
600097,2005-09-30,-0.0088,0.00093
600097,2005-10-31,-0.0732,0.000969
600097,2005-11-30,0.0383,0.001173
600097,2005-12-29,-0.0092,0.001507
600097,2006-01-25,0.0558,0.001507
600097,2006-02-28,0.0573,0.001466
600097,2006-03-31,-0.0083,0.001453
600097,2006-04-28,0.2017,0.001548
600097,2006-05-10,0.0804,0.001672
600097,2006-06-29,-0.1634,0.001811
600097,2006-07-31,-0.0677,0.001981
600097,2006-08-31,-0.0353,0.002051
600097,2006-09-29,0.0215,0.002067
600097,2006-10-31,-0.0421,0.002167
600097,2006-11-30,-0.0198,0.002289
600097,2006-12-29,-0.0022,0.00234
600097,2007-01-31,0.7191,0.00234
600097,2007-02-28,-0.0941,0.002374
600097,2007-03-30,0.1616,0.002364
600097,2007-04-30,0.2596,0.002427
600097,2007-05-31,-0.0197,0.002487
600097,2007-06-29,-0.3471,0.002551
600097,2007-07-31,0.3112,0.00262
600097,2007-08-31,0.1739,0.002682
600097,2007-09-28,-0.0681,0.002934
600097,2007-10-31,0.3104,0.00325
600097,2007-11-30,0.2918,0.003545
600097,2007-12-28,0.0635,0.003643
600097,2008-01-31,-0.1969,0.003731
600097,2008-02-29,0.029,0.003753
600097,2008-03-31,-0.1747,0.003751
600097,2008-04-03,0.049,0.003745
600097,2008-05-30,0.2677,0.003743
600097,2008-06-30,-0.1414,0.003732
600097,2008-07-31,0.0084,0.003682
600097,2008-08-29,-0.1998,0.003604
600097,2008-09-26,-0.2013,0.003591
600097,2008-10-31,-0.1058,0.003522
600097,2008-11-28,0.1197,0.003063
600097,2008-12-30,0.3195,0.001908
600097,2009-01-23,0.1944,0.001256
600097,2009-02-27,-0.0098,0.001088
600097,2009-03-26,0.1872,0.001041
600097,2009-04-30,-0.1276,0.001013
600097,2009-05-27,0.072,0.00101
600097,2009-06-30,0.024,0.001043
600097,2009-07-31,0.2644,0.001227
600097,2009-08-31,-0.0942,0.001435
600097,2009-09-30,-0.0053,0.001459
600097,2009-10-30,0.0394,0.001481
600097,2009-11-30,0.0984,0.001499
600097,2009-12-31,-0.0278,0.001516
600097,2010-01-29,-0.0709,0.001553
600097,2010-02-26,0.0085,0.001604
600097,2010-03-31,-0.0367,0.001619
600097,2010-04-30,-0.139,0.001616
600097,2010-05-31,0.0307,0.001646
600097,2010-06-30,-0.1593,0.002004
600097,2010-07-30,0.1785,0.002134
600097,2010-08-31,0.018,0.002055
600097,2010-09-30,-0.0976,0.00213
600097,2010-10-29,0.1649,0.002246
600097,2010-11-30,-0.1397,0.002446
600097,2010-12-31,-0.0219,0.00323
600097,2011-01-31,-0.0321,0.00393
600097,2011-02-28,0.1072,0.00432
600097,2011-03-31,-0.0613,0.003581
600097,2011-04-29,0.0905,0.003592
600097,2011-05-31,0.1687,0.003795
600097,2011-06-30,-0.1979,0.004514
600097,2011-07-29,0.0341,0.005108
600097,2011-08-31,-0.0944,0.004642
600097,2011-09-30,-0.1205,0.004687
600097,2011-10-31,0.0787,0.0047
600097,2011-11-30,-0.0648,0.004731
600097,2011-12-30,-0.1139,0.004565
600097,2012-01-31,-0.0237,0.004565
600097,2012-02-29,0.1692,0.004446
600097,2012-03-30,-0.1274,0.004208
600097,2012-04-27,0.1033,0.004006
600097,2012-05-31,0.0477,0.003739
600097,2012-06-29,-0.0653,0.003415
600097,2012-07-31,0.0735,0.003225
600097,2012-08-31,-0.0543,0.003031
600097,2012-09-28,-0.031,0.003047
600097,2012-10-31,0.0753,0.003083
600097,2012-11-30,-0.0875,0.00314
600097,2012-12-31,0.1793,0.00322
600097,2013-01-31,0.0138,0.003246
600097,2013-02-28,0.1227,0.00324
600097,2013-03-29,-0.0793,0.003236
600097,2013-04-26,-0.0178,0.003235
600097,2013-05-31,-0.0016,0.003235
600097,2013-06-28,-0.1456,0.004241
600097,2013-07-31,-0.0296,0.003972
600097,2013-08-30,0.1576,0.00388
600097,2013-09-30,-0.0798,0.003884
600097,2013-10-31,-0.0091,0.003897
600097,2013-11-29,0.2166,0.00392
600097,2013-12-31,-0.0386,0.004417
600097,2014-01-30,-0.0969,0.004654
600097,2014-02-28,0.0244,0.004657
600097,2014-03-31,0.0179,0.004587
600097,2014-04-30,-0.0678,0.004582
600097,2014-05-30,-0.0224,0.004369
600097,2014-06-30,-0.0468,0.003998
600097,2014-07-31,0.08,0.003955
600097,2014-08-27,0.1299,0.003905
600097,2014-09-30,0.0386,0.003849
600097,2014-10-31,0.0681,0.003758
600097,2014-11-28,0.0449,0.003559
600097,2014-12-31,-0.0118,0.003884
600097,2015-01-30,0.0246,0.004126
600097,2015-02-27,0.024,0.004087
600097,2015-03-31,0.1411,0.004083
600097,2015-04-30,0.0539,0.003838
600097,2015-05-29,0.3098,0.002815
600097,2015-06-04,0.2909,0.002524
600097,2015-07-31,,
600097,2015-08-31,,
600097,2015-09-30,,
600097,2015-10-30,,
600097,2015-11-30,-0.2694,0.002534
600097,2015-12-31,-0.1093,0.002549
600097,2016-01-29,-0.1843,0.002544
600097,2016-02-29,-0.0687,0.002504
600097,2016-03-31,0.0952,0.002341
600097,2016-04-29,-0.0049,0.002381
600097,2016-05-31,-0.0781,0.00243
600097,2016-06-30,0.0213,0.002461
600097,2016-07-29,0.2541,0.002413
600097,2016-08-31,-0.0583,0.002338
600097,2016-09-30,-0.0022,0.002327
600097,2016-10-31,-0.0111,0.002339
600097,2016-11-30,0.1586,0.002433
600097,2016-12-30,0.0518,0.002643
600097,2017-01-26,0.0616,0.003047
600097,2017-02-28,-0.081,0.003466
600097,2017-03-31,-0.1231,0.003623
600097,2017-04-28,-0.0065,0.003579
600097,2017-05-31,-0.0476,0.003699
600097,2017-06-30,0.0392,0.003895
600097,2017-07-31,-0.0536,0.003596
600097,2017-08-31,0.0445,0.003602
600097,2017-09-29,-0.0265,0.00365
600097,2017-10-31,0.0028,0.003641
600097,2017-11-30,-0.0261,0.003798
600097,2017-12-29,-0.0175,0.00403
600097,2018-01-31,-0.0562,0.003924
600097,2018-02-28,-0.1092,0.003924
600097,2018-03-30,-0.0373,0.003899
600097,2018-04-27,-0.0717,0.003464
600097,2018-05-31,0.1678,0.003425
600097,2018-06-29,-0.2608,0.003597
600097,2018-07-31,-0.0139,0.003002
600097,2018-08-31,-0.0291,0.002402
600097,2018-09-28,0.0068,0.002368
600097,2018-10-31,-0.1114,0.002386
600097,2018-11-30,0.1059,0.002526
600097,2018-12-28,0.0059,0.002664
600097,2019-01-31,0.0194,0.002511
600097,2019-02-28,0.1373,0.002357
600097,2019-03-29,0.1081,0.002325
600097,2019-04-30,-0.1536,0.002339
600097,2019-05-31,-0.0536,0.002423
600097,2019-06-28,-0.0076,0.002404
600097,2019-07-31,-0.0242,0.002185
600097,2019-08-30,-0.0437,0.002218
600097,2019-09-30,0.0685,0.002261
600097,2019-10-31,-0.0282,0.002304
600097,2019-11-29,-0.0559,0.00249
600097,2019-12-31,0.0455,0.002524
600097,2020-01-23,-0.0253,0.002403
600097,2020-02-28,-0.0447,0.002178
600097,2020-03-31,0.0848,0.001796
600097,2020-04-30,-0.0691,0.001279
600097,2020-05-29,0.0312,0.001172
600097,2020-06-30,-0.0324,0.001589
600097,2020-07-31,0.2709,0.001932
600097,2020-08-31,-0.1122,0.002171
600097,2020-09-30,-0.0955,0.002231
600097,2020-10-30,-0.0256,0.002332
600097,2020-11-30,0.0886,0.002524
600097,2020-12-31,0.0271,0.002439
600097,2021-01-29,-0.0969,0.002205
600097,2021-02-26,0.0271,0.002342
600097,2021-03-31,-0.0084,0.002261
600097,2021-04-30,-0.0479,0.002173
600097,2021-05-31,0.1106,0.002102
600097,2021-06-30,-0.0513,0.00204
600097,2021-07-30,-0.067,0.002015
600097,2021-08-31,0.1958,0.001969
600097,2021-09-30,0.1095,0.00198
600097,2021-10-29,-0.1563,0.002027
600097,2021-11-30,0.0393,0.002055
600097,2021-12-31,0.1474,0.002079
600248,2000-06-30,,
600248,2000-07-31,0.0158,0.00165
600248,2000-08-31,0.0918,0.00165
600248,2000-09-29,-0.0255,0.00165
600248,2000-10-31,0.073,0.00165
600248,2000-11-30,0.0488,0.00165
600248,2000-12-29,0.0294,0.00165
600248,2001-01-19,-0.083,0.00165
600248,2001-02-28,-0.0792,0.00165
600248,2001-03-30,0.0399,0.00165
600248,2001-04-30,0.0042,0.00165
600248,2001-05-31,0.0168,0.00165
600248,2001-06-29,0.0289,0.00165
600248,2001-07-31,-0.1968,0.00165
600248,2001-08-31,-0.0829,0.00165
600248,2001-09-28,-0.0038,0.00165
600248,2001-10-31,-0.132,0.00165
600248,2001-11-30,0.0253,0.00165
600248,2001-12-31,-0.0748,0.00165
600248,2002-01-31,-0.1837,0.00165
600248,2002-02-28,0.054,0.001586
600248,2002-03-29,0.1297,0.001425
600248,2002-04-30,-0.0076,0.001425
600248,2002-05-31,-0.1475,0.001425
600248,2002-06-28,0.1292,0.001425
600248,2002-07-31,-0.0029,0.001425
600248,2002-08-30,0.0814,0.001656
600248,2002-09-27,-0.1035,0.001852
600248,2002-10-31,-0.0952,0.001892
600248,2002-11-29,-0.0771,0.001892
600248,2002-12-31,-0.0242,0.001892
600248,2003-01-29,0.0589,0.001892
600248,2003-02-28,0.0148,0.001892
600248,2003-03-31,-0.0634,0.001892
600248,2003-04-30,-0.0722,0.001886
600248,2003-05-30,0.0719,0.001823
600248,2003-06-30,-0.0947,0.001891
600248,2003-07-31,-0.0853,0.001945
600248,2003-08-29,-0.0725,0.001964
600248,2003-09-30,-0.0818,0.002225
600248,2003-10-31,-0.0498,0.002246
600248,2003-11-28,-0.0524,0.002251
600248,2003-12-31,-0.0524,0.002046
600248,2004-01-30,0.1951,0.002046
600248,2004-02-27,0.0141,0.001888
600248,2004-03-31,0.0722,0.001682
600248,2004-04-30,-0.1761,0.001776
600248,2004-05-31,-0.0287,0.00202
600248,2004-06-30,-0.1256,0.002354
600248,2004-07-30,-0.1385,0.002402
600248,2004-08-31,-0.0627,0.002377
600248,2004-09-30,-0.0021,0.002008
600248,2004-10-29,-0.1509,0.00209
600248,2004-11-30,0.0346,0.002086
600248,2004-12-31,-0.1074,0.002035
600248,2005-01-28,-0.0455,0.002085
600248,2005-02-28,0.1148,0.00196
600248,2005-03-31,-0.1658,0.001454
600248,2005-04-29,-0.1988,0.000954
600248,2005-05-30,0.0639,0.000967
600248,2005-06-30,-0.0141,0.00094
600248,2005-07-29,-0.1111,0.000952
600248,2005-08-31,0.1089,0.000895
600248,2005-09-30,-0.0291,0.00093
600248,2005-10-31,0.2846,0.000969
600248,2005-11-30,-0.0904,0.001173
600248,2005-12-30,0.0801,0.001507
600248,2006-01-25,-0.0979,0.001507
600248,2006-02-28,0.4145,0.001466
600248,2006-03-31,-0.1605,0.001453
600248,2006-04-28,-0.144,0.001548
600248,2006-05-31,0.0939,0.001672
600248,2006-06-30,0,0.001811
600248,2006-07-31,-0.0178,0.001981
600248,2006-08-28,0.0331,0.002051
600248,2006-09-29,,
600248,2006-10-31,,
600248,2006-11-30,,
600248,2006-12-28,0.0029,0.00234
600248,2007-01-15,0.0901,0.00234
600248,2007-02-28,0.1893,0.002374
600248,2007-03-30,0.065,0.002364
600248,2007-04-27,0.0189,0.002427
600248,2007-05-31,,
600248,2007-06-29,,
600248,2007-07-31,,
600248,2007-08-31,,
600248,2007-09-28,,
600248,2007-10-30,,
600248,2007-11-30,,
600248,2007-12-28,,
600248,2008-01-31,,
600248,2008-02-29,,
600248,2008-03-31,,
600248,2008-04-29,,
600248,2008-05-30,,
600248,2008-06-30,,
600248,2008-07-31,,
600248,2008-08-29,,
600248,2008-09-26,,
600248,2008-10-31,,
600248,2008-11-28,,
600248,2008-12-31,0.2355,0.001908
600248,2009-01-23,-0.0167,0.001256
600248,2009-02-27,0.1122,0.001088
600248,2009-03-31,0.3318,0.001041
600248,2009-04-30,0.504,0.001013
600248,2009-05-27,0.0798,0.00101
600248,2009-06-30,0.1697,0.001043
600248,2009-07-31,0.0762,0.001227
600248,2009-08-31,-0.246,0.001435
600248,2009-09-30,0.0514,0.001459
600248,2009-10-30,0.1467,0.001481
600248,2009-11-30,0.0436,0.001499
600248,2009-12-31,0.1643,0.001516
600248,2010-01-29,-0.0847,0.001553
600248,2010-02-26,0.0108,0.001604
600248,2010-03-31,0.0849,0.001619
600248,2010-04-30,-0.1102,0.001616
600248,2010-05-31,-0.1846,0.001646
600248,2010-06-30,0.0249,0.002004
600248,2010-07-30,0.133,0.002134
600248,2010-08-31,0.072,0.002055
600248,2010-09-30,-0.0495,0.00213
600248,2010-10-29,0.0545,0.002246
600248,2010-11-30,0.1293,0.002446
600248,2010-12-31,0.2362,0.00323
600248,2011-01-31,-0.0901,0.00393
600248,2011-02-28,0.1008,0.00432
600248,2011-03-31,0.0613,0.003581
600248,2011-04-29,-0.1045,0.003592
600248,2011-05-31,-0.0937,0.003795
600248,2011-06-30,0.0166,0.004514
600248,2011-07-29,-0.0288,0.005108
600248,2011-08-31,0.0138,0.004642
600248,2011-09-30,-0.1433,0.004687
600248,2011-10-31,0.0432,0.0047
600248,2011-11-30,-0.0862,0.004731
600248,2011-12-30,-0.179,0.004565
600248,2012-01-31,0.0363,0.004565
600248,2012-02-29,0.1206,0.004446
600248,2012-03-30,-0.0701,0.004208
600248,2012-04-27,0.1198,0.004006
600248,2012-05-31,-0.0288,0.003739
600248,2012-06-29,-0.1337,0.003415
600248,2012-07-31,-0.11,0.003225
600248,2012-08-31,0.1509,0.003031
600248,2012-09-28,0.0251,0.003047
600248,2012-10-31,0.0776,0.003083
600248,2012-11-30,-0.1515,0.00314
600248,2012-12-31,0.0893,0.00322
600248,2013-01-31,0.0314,0.003246
600248,2013-02-28,0.0013,0.00324
600248,2013-03-29,-0.0384,0.003236
600248,2013-04-26,-0.0509,0.003235
600248,2013-05-31,0.2783,0.003235
600248,2013-06-28,-0.1814,0.004241
600248,2013-07-31,0.1025,0.003972
600248,2013-08-30,0.0239,0.00388
600248,2013-09-30,0.0221,0.003884
600248,2013-10-31,-0.0535,0.003897
600248,2013-11-29,0.0668,0.00392
600248,2013-12-31,-0.0529,0.004417
600248,2014-01-30,-0.0203,0.004654
600248,2014-02-28,0.0311,0.004657
600248,2014-03-31,-0.0289,0.004587
600248,2014-04-30,-0.0492,0.004582
600248,2014-05-30,-0.0054,0.004369
600248,2014-06-30,0.0055,0.003998
600248,2014-07-31,0.0477,0.003955
600248,2014-08-29,0.0273,0.003905
600248,2014-09-30,0.1291,0.003849
600248,2014-10-31,0.0068,0.003758
600248,2014-11-28,0.0056,0.003559
600248,2014-12-31,-0.0146,0.003884
600248,2015-01-30,-0.0057,0.004126
600248,2015-02-27,0.0893,0.004087
600248,2015-03-31,0.142,0.004083
600248,2015-04-30,0.0967,0.003838
600248,2015-05-29,0.2611,0.002815
600248,2015-06-30,-0.0939,0.002524
600248,2015-07-31,-0.2906,0.002644
600248,2015-08-31,-0.1393,0.002592
600248,2015-09-30,-0.0749,0.002602
600248,2015-10-30,0.2311,0.002618
600248,2015-11-30,0.2757,0.002534
600248,2015-12-31,-0.0565,0.002549
600248,2016-01-29,-0.3656,0.002544
600248,2016-02-29,-0.05,0.002504
600248,2016-03-31,0.2705,0.002341
600248,2016-04-29,-0.0345,0.002381
600248,2016-05-31,-0.0667,0.00243
600248,2016-06-30,0.0192,0.002461
600248,2016-07-29,-0.0148,0.002413
600248,2016-08-31,0.0865,0.002338
600248,2016-09-30,0.2588,0.002327
600248,2016-10-31,0.062,0.002339
600248,2016-11-30,-0.1535,0.002433
600248,2016-12-30,-0.0406,0.002643
600248,2017-01-26,-0.0028,0.003047
600248,2017-02-28,0.099,0.003466
600248,2017-03-31,-0.036,0.003623
600248,2017-04-28,-0.1482,0.003579
600248,2017-05-31,-0.0549,0.003699
600248,2017-06-30,0.0033,0.003895
600248,2017-07-17,-0.0813,0.003596
600248,2017-08-31,,
600248,2017-09-29,,
600248,2017-10-30,,
600248,2017-11-30,,
600248,2017-12-29,,
600248,2018-01-31,0.0036,0.003924
600248,2018-02-28,-0.0809,0.003924
600248,2018-03-30,0.0352,0.003899
600248,2018-04-27,-0.0416,0.003464
600248,2018-05-31,-0.0158,0.003425
600248,2018-06-29,-0.0902,0.003597
600248,2018-07-31,0.078,0.003002
600248,2018-08-31,-0.0764,0.002402
600248,2018-09-28,0.0537,0.002368
600248,2018-10-31,-0.0998,0.002386
600248,2018-11-30,0.0047,0.002526
600248,2018-12-28,-0.0822,0.002664
600248,2019-01-31,-0.0051,0.002511
600248,2019-02-28,0.1311,0.002357
600248,2019-03-29,0.0523,0.002325
600248,2019-04-30,0.0108,0.002339
600248,2019-05-31,-0.0556,0.002423
600248,2019-06-28,0.0633,0.002404
600248,2019-07-31,-0.0277,0.002185
600248,2019-08-30,-0.0738,0.002218
600248,2019-09-30,0.0652,0.002261
600248,2019-10-31,-0.0544,0.002304
600248,2019-11-29,-0.0048,0.00249
600248,2019-12-31,0.0602,0.002524
600248,2020-01-23,-0.0659,0.002403
600248,2020-02-28,-0.0049,0.002178
600248,2020-03-31,-0.0391,0.001796
600248,2020-04-30,-0.0102,0.001279
600248,2020-05-29,0,0.001172
600248,2020-06-30,0.0334,0.001589
600248,2020-07-31,0.0871,0.001932
600248,2020-08-31,0,0.002171
600248,2020-09-30,-0.0943,0.002231
600248,2020-10-30,0.0152,0.002332
600248,2020-11-30,0.0325,0.002524
600248,2020-12-31,0.1114,0.002439
600248,2021-01-29,-0.1895,0.002205
600248,2021-02-26,0.0565,0.002342
600248,2021-03-31,0.1603,0.002261
600248,2021-04-30,-0.0482,0.002173
600248,2021-05-31,0.159,0.002102
600248,2021-06-30,-0.1312,0.00204
600248,2021-07-30,0.06,0.002015
600248,2021-08-31,0.1663,0.001969
600248,2021-09-30,0.0319,0.00198
600248,2021-10-29,-0.2473,0.002027
600248,2021-11-30,0.0749,0.002055
600248,2021-12-31,0.0787,0.002079
600409,2003-06-30,,
600409,2003-07-31,-0.0895,0.001945
600409,2003-08-29,-0.0057,0.001964
600409,2003-09-30,-0.053,0.002225
600409,2003-10-31,-0.059,0.002246
600409,2003-11-28,-0.0064,0.002251
600409,2003-12-31,-0.0097,0.002046
600409,2004-01-30,0.0703,0.002046
600409,2004-02-27,0.0351,0.001888
600409,2004-03-31,0.0664,0.001682
600409,2004-04-30,-0.0622,0.001776
600409,2004-05-31,-0.0531,0.00202
600409,2004-06-30,-0.0639,0.002354
600409,2004-07-30,-0.0406,0.002402
600409,2004-08-31,-0.0018,0.002377
600409,2004-09-30,0.0477,0.002008
600409,2004-10-29,-0.0708,0.00209
600409,2004-11-30,0.0508,0.002086
600409,2004-12-31,-0.0674,0.002035
600409,2005-01-31,-0.0944,0.002085
600409,2005-02-28,0.1002,0.00196
600409,2005-03-31,-0.026,0.001454
600409,2005-04-29,0.1469,0.000954
600409,2005-05-31,-0.1414,0.000967
600409,2005-06-30,0.0388,0.00094
600409,2005-07-29,-0.119,0.000952
600409,2005-08-31,0.0866,0.000895
600409,2005-09-30,0.0266,0.00093
600409,2005-10-21,0.08,0.000969
600409,2005-11-15,-0.1416,0.001173
600409,2005-12-29,-0.1827,0.001507
600409,2006-01-25,0.0652,0.001507
600409,2006-02-28,-0.0117,0.001466
600409,2006-03-31,0.0059,0.001453
600409,2006-04-28,0.0235,0.001548
600409,2006-05-31,0.1696,0.001672
600409,2006-06-30,0.1151,0.001811
600409,2006-07-31,-0.0914,0.001981
600409,2006-08-31,0.0812,0.002051
600409,2006-09-29,-0.03,0.002067
600409,2006-10-31,0.1146,0.002167
600409,2006-11-30,0.2028,0.002289
600409,2006-12-29,-0.0185,0.00234
600409,2007-01-31,0.1553,0.00234
600409,2007-02-28,0.1833,0.002374
600409,2007-03-30,0.1945,0.002364
600409,2007-04-30,0.3473,0.002427
600409,2007-05-31,0.1722,0.002487
600409,2007-06-29,-0.1724,0.002551
600409,2007-07-31,0.2472,0.00262
600409,2007-08-31,0.108,0.002682
600409,2007-09-28,0.3948,0.002934
600409,2007-10-31,-0.0029,0.00325
600409,2007-11-30,-0.2294,0.003545
600409,2007-12-28,0.4639,0.003643
600409,2008-01-31,0.1027,0.003731
600409,2008-02-29,0.0228,0.003753
600409,2008-03-31,-0.1521,0.003751
600409,2008-04-30,0.2363,0.003745
600409,2008-05-30,-0.1494,0.003743
600409,2008-06-30,-0.2605,0.003732
600409,2008-07-31,0.0124,0.003682
600409,2008-08-29,-0.3696,0.003604
600409,2008-09-25,-0.1532,0.003591
600409,2008-10-31,-0.3992,0.003522
600409,2008-11-28,0.1176,0.003063
600409,2008-12-31,0.0186,0.001908
600409,2009-01-23,0.4164,0.001256
600409,2009-02-27,-0.0408,0.001088
600409,2009-03-31,0.3356,0.001041
600409,2009-04-30,-0.0838,0.001013
600409,2009-05-27,0.0183,0.00101
600409,2009-06-30,0.0206,0.001043
600409,2009-07-31,0.3304,0.001227
600409,2009-08-31,-0.1899,0.001435
600409,2009-09-30,-0.0328,0.001459
600409,2009-10-30,0.0847,0.001481
600409,2009-11-30,0.4969,0.001499
600409,2009-12-31,-0.1002,0.001516
600409,2010-01-29,-0.1369,0.001553
600409,2010-02-26,0.0081,0.001604
600409,2010-03-31,-0.0147,0.001619
600409,2010-04-30,0.0622,0.001616
600409,2010-05-31,-0.2102,0.001646
600409,2010-06-30,-0.0484,0.002004
600409,2010-07-01,-0.0271,0.002134
600409,2010-08-31,0.1916,0.002055
600409,2010-09-30,0.0439,0.00213
600409,2010-10-29,0.2353,0.002246
600409,2010-11-30,0.0306,0.002446
600409,2010-12-31,-0.0913,0.00323
600409,2011-01-31,-0.0436,0.00393
600409,2011-02-28,0.1608,0.00432
600409,2011-03-31,0.108,0.003581
600409,2011-04-29,-0.0197,0.003592
600409,2011-05-31,-0.0295,0.003795
600409,2011-06-30,0.2147,0.004514
600409,2011-07-29,-0.1103,0.005108
600409,2011-08-31,-0.1017,0.004642
600409,2011-09-30,-0.1543,0.004687
600409,2011-10-28,0.1429,0.0047
600409,2011-11-30,-0.0926,0.004731
600409,2011-12-30,-0.1464,0.004565
600409,2012-01-31,0.0476,0.004565
600409,2012-02-29,0.1045,0.004446
600409,2012-03-30,-0.1382,0.004208
600409,2012-04-27,0.0087,0.004006
600409,2012-05-31,-0.0444,0.003739
600409,2012-06-29,-0.021,0.003415
600409,2012-07-31,-0.1562,0.003225
600409,2012-08-31,0.0223,0.003031
600409,2012-09-28,0.0508,0.003047
600409,2012-10-31,-0.0233,0.003083
600409,2012-11-30,-0.1034,0.00314
600409,2012-12-31,0.1243,0.00322
600409,2013-01-31,0.15,0.003246
600409,2013-02-28,0.0709,0.00324
600409,2013-03-29,-0.0662,0.003236
600409,2013-04-26,0,0.003235
600409,2013-05-31,0.0549,0.003235
600409,2013-06-28,-0.2061,0.004241
600409,2013-07-31,0.1284,0.003972
600409,2013-08-30,0.0341,0.00388
600409,2013-09-30,0.0635,0.003884
600409,2013-10-31,0.0531,0.003897
600409,2013-11-29,0.021,0.00392
600409,2013-12-31,-0.0432,0.004417
600409,2014-01-30,-0.0559,0.004654
600409,2014-02-28,0.0091,0.004657
600409,2014-03-31,0.0858,0.004587
600409,2014-04-30,-0.0229,0.004582
600409,2014-05-30,-0.0468,0.004369
600409,2014-06-30,-0.0067,0.003998
600409,2014-07-31,0.1007,0.003955
600409,2014-08-29,0.0312,0.003905
600409,2014-09-30,0.2843,0.003849
600409,2014-10-31,0.0157,0.003758
600409,2014-11-28,0.0046,0.003559
600409,2014-12-31,-0.0508,0.003884
600409,2015-01-30,0.2982,0.004126
600409,2015-02-27,0.01,0.004087
600409,2015-03-31,0.2274,0.004083
600409,2015-04-30,-0.001,0.003838
600409,2015-05-29,-0.0474,0.002815
600409,2015-06-30,0.1958,0.002524
600409,2015-07-31,-0.0982,0.002644
600409,2015-08-31,-0.2433,0.002592
600409,2015-09-30,-0.1373,0.002602
600409,2015-10-30,0.1227,0.002618
600409,2015-11-30,0.0283,0.002534
600409,2015-12-31,0.0171,0.002549
600409,2016-01-29,-0.2774,0.002544
600409,2016-02-24,0.2393,0.002504
600409,2016-03-31,0.0216,0.002341
600409,2016-04-29,0.0437,0.002381
600409,2016-05-31,-0.1243,0.00243
600409,2016-06-30,0.0525,0.002461
600409,2016-07-29,0.2864,0.002413
600409,2016-08-31,-0.0657,0.002338
600409,2016-09-30,0.0864,0.002327
600409,2016-10-31,-0.0568,0.002339
600409,2016-11-30,-0.0253,0.002433
600409,2016-12-30,0.1607,0.002643
600409,2017-01-26,0.0831,0.003047
600409,2017-02-28,-0.0128,0.003466
600409,2017-03-31,-0.0488,0.003623
600409,2017-04-28,0.0073,0.003579
600409,2017-05-31,-0.093,0.003699
600409,2017-06-30,0.1709,0.003895
600409,2017-07-31,0.2304,0.003596
600409,2017-08-31,0.0404,0.003602
600409,2017-09-29,-0.0923,0.00365
600409,2017-10-31,-0.0744,0.003641
600409,2017-11-30,-0.0139,0.003798
600409,2017-12-29,-0.1021,0.00403
600409,2018-01-31,0.0772,0.003924
600409,2018-02-28,-0.062,0.003924
600409,2018-03-30,-0.1115,0.003899
600409,2018-04-27,-0.0186,0.003464
600409,2018-05-31,0.1917,0.003425
600409,2018-06-29,-0.1177,0.003597
600409,2018-07-31,0.0035,0.003002
600409,2018-08-31,-0.0313,0.002402
600409,2018-09-28,-0.0263,0.002368
600409,2018-10-31,-0.2589,0.002386
600409,2018-11-30,-0.005,0.002526
600409,2018-12-28,-0.0483,0.002664
600409,2019-01-31,-0.0175,0.002511
600409,2019-02-28,0.2011,0.002357
600409,2019-03-29,0.0385,0.002325
600409,2019-04-30,-0.0585,0.002339
600409,2019-05-31,-0.1152,0.002423
600409,2019-06-28,0.0087,0.002404
600409,2019-07-31,-0.0141,0.002185
600409,2019-08-30,-0.0591,0.002218
600409,2019-09-30,-0.0171,0.002261
600409,2019-10-31,0,0.002304
600409,2019-11-29,0.0853,0.00249
600409,2019-12-31,0.1286,0.002524
600409,2020-01-23,-0.0744,0.002403
600409,2020-02-28,0.0222,0.002178
600409,2020-03-31,-0.1605,0.001796
600409,2020-04-30,-0.1195,0.001279
600409,2020-05-29,-0.0294,0.001172
600409,2020-06-30,0.0862,0.001589
600409,2020-07-31,0.3725,0.001932
600409,2020-08-31,-0.0064,0.002171
600409,2020-09-30,0.0679,0.002231
600409,2020-10-30,0.0545,0.002332
600409,2020-11-30,0.3271,0.002524
600409,2020-12-31,0.1081,0.002439
600409,2021-01-29,0.1463,0.002205
600409,2021-02-26,0.1072,0.002342
600409,2021-03-31,-0.1676,0.002261
600409,2021-04-30,0.0526,0.002173
600409,2021-05-31,-0.107,0.002102
600409,2021-06-30,0.0172,0.00204
600409,2021-07-30,0.2156,0.002015
600409,2021-08-31,0.1741,0.001969
600409,2021-09-30,-0.228,0.00198
600409,2021-10-29,-0.1715,0.002027
600409,2021-11-30,0.0206,0.002055
600409,2021-12-31,-0.0764,0.002079
